Serial Number,VI1→Next Station,VI1→Next (hours),Upgrade→BBD/ASSY1 Station,Upgrade→BBD/ASSY1 (hours),BBD/ASSY1→Next Station,BBD/ASSY1→FLA/CHIFLASH (hours),Packing→Shipping (hours),Missing Stations
1655122005277,Disassembly,20.58,BBD,0.3,CHIFLASH,0.19,2.26,
1651823007950,Disassembly,20.31,BBD,0.28,CHIFLASH,1.83,2.24,
1651623017429,Disassembly,21.27,BBD,1.53,CHIFLASH,0.71,2.23,
1650323006159,Disassembly,21.6,BBD,0.58,CHIFLASH,0.75,2.27,
1655022002131,Disassembly,20.47,BBD,0.16,CHIFLASH,4.07,2.18,
1651323003116,Disassembly,17.57,BBD,0.18,CHIFLASH,2.24,2.3,
1651223019376,Disassembly,15.94,BBD,0.98,CHIFLASH,0.75,2.18,
1650423004473,Disassembly,22.02,BBD,0.77,CHIFLASH,0.4,2.3,
1650323000694,Disassembly,18.52,BBD,1.2,CHIFLASH,1.18,2.19,
1651623019576,Disassembly,20.4,BBD,1.25,CHIFLASH,0.87,2.29,
1655222010332,Disassembly,18.62,BBD,0.28,CHIFLASH,2.67,2.2,
1651823105681,Disassembly,18.8,BBD,0.14,CHIFLASH,5.69,1.45,
1651823007796,Disassembly,18.87,BBD,0.59,CHIFLASH,6.24,2.31,
1651223023694,Disassembly,23.21,BBD,0.7,CHIFLASH,0.36,2.26,
1655122003278,Disassembly,21.88,BBD,0.82,CHIFLASH,0.82,2.24,
1652323052545,Disassembly,22.68,BBD,0.57,CHIFLASH,1.13,2.25,
1650423004671,Disassembly,21.34,BBD,0.57,CHIFLASH,0.82,1.5,
1655022002126,Disassembly,12.99,BBD,1.74,CHIFLASH,3.22,1.51,
1652923024967,Disassembly,2.34,BBD,0.46,CHIFLASH,0.58,16.29,
1652323050086,Disassembly,5.19,BBD,0.51,CHIFLASH,1.5,16.55,
1651823102466,Disassembly,3.49,BBD,0.1,CHIFLASH,2.12,25.75,
1654423032015,Disassembly,2.77,BBD,0.25,CHIFLASH,1.56,16.3,
1651523003259,Disassembly,3.06,BBD,0.05,CHIFLASH,0.32,18.12,
1651323008660,Disassembly,3.01,BBD,0.02,CHIFLASH,1.97,25.76,
1651323004676,Disassembly,3.42,BBD,0.85,CHIFLASH,1.45,25.94,
1650723003049,Disassembly,4.66,BBD,3.1,CHIFLASH,0.45,15.36,
1653823013399,Disassembly,3.26,BBD,0.09,CHIFLASH,0.92,18.07,
1651323001214,Disassembly,1.85,BBD,0.02,CHIFLASH,2.62,16.29,
1650923016253,Disassembly,1.62,BBD,0.11,CHIFLASH,2.04,16.31,
1650723007330,Disassembly,4.71,BBD,0.46,CHIFLASH,0.49,25.94,
1652823054774,Disassembly,5.96,BBD,0.13,CHIFLASH,1.89,18.01,
1651823105915,Disassembly,2.98,BBD,1.83,CHIFLASH,0.54,25.97,
1651623015688,Disassembly,2.87,BBD,0.81,CHIFLASH,1.01,17.98,
1650723008080,Disassembly,5.38,BBD,0.26,CHIFLASH,0.19,0.01,
1650723006379,Disassembly,5.52,BBD,0.24,CHIFLASH,1.38,19.42,
1650723000123,Disassembly,3.85,BBD,0.1,CHIFLASH,1.31,18.1,
1650323006190,Disassembly,2.48,BBD,0.05,CHIFLASH,1.41,27.07,
1652823038536,Disassembly,1.85,BBD,1.21,CHIFLASH,3.45,33.66,
1654423082484,Disassembly,3.13,BBD,2.84,CHIFLASH,3.05,33.97,
1654423005745,Disassembly,88.7,BBD,1.33,CHIFLASH,1.31,27.19,
1651623000066,Disassembly,3.84,BBD,1.69,CHIFLASH,3.42,35.82,
1654923015663,Disassembly,88.51,BBD,0.07,CHIFLASH,1.04,18.05,
1650623007917,Disassembly,86.7,BBD,1.22,CHIFLASH,3.25,33.88,
1651623000210,Disassembly,1.23,BBD,0.18,CHIFLASH,0.61,16.62,
1651124048472,Disassembly,87.91,BBD,0.06,CHIFLASH,1.19,19.46,
1654923003049,Disassembly,88.94,BBD,0.69,CHIFLASH,0.15,25.83,
1650323006420,Disassembly,1.13,BBD,0.42,CHIFLASH,0.86,33.82,
1652824015490,Disassembly,2.33,BBD,1.56,CHIFLASH,3.04,33.81,
1650123202545,Disassembly,2.97,BBD,2.66,CHIFLASH,5.43,15.39,
1650323002619,Disassembly,4.91,BBD,1.59,CHIFLASH,3.18,33.8,
1650224029701,Disassembly,84.3,BBD,0.03,CHIFLASH,0.28,33.61,
1652724133338,Disassembly,83.68,BBD,0.94,CHIFLASH,0.39,35.83,
1654823042454,Disassembly,94.02,BBD,1.4,CHIFLASH,1.14,26.01,
1653923028847,Disassembly,93.12,BBD,0.42,CHIFLASH,1.12,18.16,
1651124052775,Disassembly,3.26,BBD,0.36,CHIFLASH,1.5,26.82,
1650224071590,Disassembly,9.97,BBD,1.59,CHIFLASH,2.77,27.21,
1650123203015,Disassembly,2.56,BBD,1.7,CHIFLASH,2.98,33.62,
1650123202903,Disassembly,2.98,BBD,1.56,CHIFLASH,3.71,33.63,
1333922020083,Disassembly,93.34,BBD,0.49,CHIFLASH,0.77,16.64,
1654723008198,Disassembly,85.23,BBD,1.14,CHIFLASH,0.32,26.84,
1652823038412,Disassembly,85.34,BBD,0.35,CHIFLASH,0.7,15.4,
1651224058869,Disassembly,9.57,BBD,0.2,CHIFLASH,2.82,33.66,
1651224058611,Disassembly,0.66,BBD,2.54,CHIFLASH,2.84,33.83,
1651224056929,Disassembly,8.62,BBD,2.73,CHIFLASH,5.25,16.64,
1651124027534,Disassembly,95.18,BBD,0.18,CHIFLASH,0.21,25.82,
1651124026580,Disassembly,94.36,BBD,0.77,CHIFLASH,1.82,26.81,
1650323000769,Disassembly,8.71,BBD,1.7,CHIFLASH,7.74,18.08,
1655222012629,Disassembly,86.85,BBD,1.88,CHIFLASH,1.06,33.89,
1655122010627,Disassembly,93.82,BBD,1.54,CHIFLASH,0.68,33.87,
1653923029062,Disassembly,88.49,BBD,0.86,CHIFLASH,1.41,33.95,
1651224056473,Disassembly,93.85,BBD,0.42,CHIFLASH,0.3,33.62,
1650423012310,Disassembly,94.9,BBD,1.5,CHIFLASH,1.26,19.45,
1650224071952,Disassembly,0.45,BBD,0.13,CHIFLASH,5.47,15.38,
1650224071920,Disassembly,87.85,BBD,0.06,CHIFLASH,0.85,35.87,
1654623020258,Disassembly,2.28,BBD,3.65,CHIFLASH,3.46,33.67,
1651224018235,Disassembly,9.72,BBD,1.42,CHIFLASH,4.57,35.87,
1651124049274,Disassembly,91.23,BBD,0.45,CHIFLASH,3.12,33.9,
1651124033229,Disassembly,87.56,BBD,1.47,CHIFLASH,0.3,33.67,
1651124028242,Disassembly,91.43,BBD,1.37,CHIFLASH,3.37,33.96,
1651024046190,Disassembly,94.43,BBD,1.62,CHIFLASH,0.52,26.8,
1650123202732,Disassembly,91.61,BBD,0.19,CHIFLASH,3.21,33.99,
1655322019757,UPGRADE,1.34,ASSY1,0.62,CHIFLASH,8.92,4.83,
1654922019633,UPGRADE,2.8,ASSY1,6.78,CHIFLASH,6.26,12.0,
1654723039366,UPGRADE,0.09,ASSY1,1.12,CHIFLASH,11.92,84.61,
1654623000660,UPGRADE,1.21,ASSY1,1.62,CHIFLASH,7.51,92.41,
1654522012500,UPGRADE,2.63,ASSY1,6.93,CHIFLASH,6.18,31.58,
1654423064200,UPGRADE,0.09,ASSY1,0.03,CHIFLASH,13.11,88.93,
1654223059448,UPGRADE,2.34,ASSY1,1.79,CHIFLASH,7.52,85.65,
1653823059668,UPGRADE,1.58,ASSY1,0.5,CHIFLASH,8.05,3.71,
1653623022833,UPGRADE,0.35,ASSY1,0.09,CHIFLASH,15.27,15.03,
1652024016596,UPGRADE,0.94,ASSY1,0.48,CHIFLASH,2.9,85.69,
1651823100972,UPGRADE,0.11,ASSY1,7.55,CHIFLASH,3.87,92.35,
1651324023450,UPGRADE,2.56,ASSY1,10.1,CHIFLASH,2.03,71.08,
1650623008122,UPGRADE,0.14,ASSY1,0.02,CHIFLASH,17.24,32.25,
1650124033032,UPGRADE,0.1,ASSY1,0.15,CHIFLASH,10.99,92.4,
1654723004840,UPGRADE,1.83,ASSY1,0.04,CHIFLASH,12.02,70.34,
1653823014767,UPGRADE,0.31,ASSY1,0.42,CHIFLASH,15.27,8.58,
1652323023423,UPGRADE,0.08,ASSY1,1.02,CHIFLASH,12.19,84.44,
1652124074275,UPGRADE,0.34,ASSY1,10.62,CHIFLASH,2.1,89.02,
1652124072519,UPGRADE,0.26,ASSY1,0.03,CHIFLASH,14.54,74.3,
1652024029436,UPGRADE,2.92,ASSY1,9.93,CHIFLASH,1.96,3.54,
1652024026736,UPGRADE,1.75,ASSY1,0.36,CHIFLASH,15.23,42.09,
1652024021474,UPGRADE,2.74,ASSY1,10.38,CHIFLASH,1.29,84.43,
1652024019033,UPGRADE,0.78,ASSY1,0.06,CHIFLASH,15.29,13.11,
1651824049265,UPGRADE,2.84,ASSY1,1.75,CHIFLASH,12.84,24.24,
1651524027683,UPGRADE,3.02,ASSY1,1.54,CHIFLASH,12.97,0.08,
1651424035834,UPGRADE,2.72,ASSY1,9.95,CHIFLASH,1.98,4.84,
1650924052408,UPGRADE,1.6,ASSY1,0.04,CHIFLASH,13.54,85.76,
1650924012182,UPGRADE,1.37,ASSY1,10.91,CHIFLASH,4.42,24.18,
1655322010869,UPGRADE,0.03,ASSY1,11.4,CHIFLASH,2.39,22.27,
1651623020275,UPGRADE,0.12,ASSY1,1.58,CHIFLASH,12.84,13.1,
1650924005807,UPGRADE,1.33,ASSY1,8.6,CHIFLASH,7.77,31.51,
1654123060149,UPGRADE,1.29,ASSY1,10.88,CHIFLASH,4.74,13.05,
1651223020413,UPGRADE,1.25,ASSY1,12.16,CHIFLASH,3.39,13.23,
1653823054599,UPGRADE,1.31,ASSY1,13.94,CHIFLASH,2.38,13.09,
1655123015889,UPGRADE,2.52,ASSY1,11.58,CHIFLASH,3.34,22.37,
1654423082506,UPGRADE,1.77,ASSY1,0.12,CHIFLASH,2.33,31.28,
1650524012510,UPGRADE,0.01,ASSY1,0.32,CHIFLASH,7.54,4.41,
1654923016725,UPGRADE,0.71,ASSY1,0.42,CHIFLASH,8.6,14.56,
1650424029804,UPGRADE,0.81,ASSY1,0.34,CHIFLASH,8.88,74.34,
1655222004807,UPGRADE,0.11,ASSY1,3.2,CHIFLASH,9.88,89.0,
1655222004382,UPGRADE,1.0,ASSY1,1.74,CHIFLASH,9.45,92.66,
1655122021555,UPGRADE,0.89,ASSY1,0.01,CHIFLASH,13.78,22.44,
1655122006731,UPGRADE,1.22,ASSY1,2.75,CHIFLASH,7.47,2.58,
1654123017045,UPGRADE,0.46,ASSY1,1.79,CHIFLASH,9.98,4.4,
1654023061240,UPGRADE,1.14,ASSY1,0.04,CHIFLASH,13.76,14.2,
1651823104772,UPGRADE,0.37,ASSY1,1.64,CHIFLASH,10.54,2.56,
1651324044243,UPGRADE,0.05,ASSY1,3.5,CHIFLASH,9.95,85.84,
1650724042008,UPGRADE,1.05,ASSY1,0.89,CHIFLASH,17.38,31.65,
1655322015137,UPGRADE,0.77,ASSY1,0.72,CHIFLASH,13.49,1.49,
1655322013659,UPGRADE,0.3,ASSY1,16.52,CHIFLASH,3.87,22.47,
1655122021342,UPGRADE,0.71,ASSY1,9.11,CHIFLASH,2.54,84.48,
1655023038301,UPGRADE,0.1,ASSY1,0.02,CHIFLASH,15.73,13.12,
1654823007432,UPGRADE,0.12,ASSY1,0.12,CHIFLASH,15.52,14.23,
1654623025771,UPGRADE,1.3,ASSY1,13.03,CHIFLASH,2.69,9.42,
1654623022978,UPGRADE,2.78,ASSY1,1.34,CHIFLASH,13.89,24.39,
1654523037397,UPGRADE,0.81,ASSY1,1.34,CHIFLASH,16.13,24.18,
1653823058680,UPGRADE,0.04,ASSY1,2.27,CHIFLASH,9.57,71.17,
1652724047164,UPGRADE,0.78,ASSY1,0.57,CHIFLASH,13.69,8.66,
1651724009885,UPGRADE,0.12,ASSY1,0.08,CHIFLASH,15.46,14.11,
1651323005601,UPGRADE,0.01,ASSY1,11.36,CHIFLASH,3.04,8.6,
1651124051062,UPGRADE,1.33,ASSY1,8.85,CHIFLASH,7.4,9.67,
1651124032099,UPGRADE,2.54,ASSY1,1.63,CHIFLASH,13.81,32.34,
1650924048952,UPGRADE,0.3,ASSY1,1.0,CHIFLASH,10.35,3.73,
1650323002246,UPGRADE,1.58,ASSY1,7.17,CHIFLASH,3.02,70.38,
1650224082727,UPGRADE,2.81,ASSY1,1.33,CHIFLASH,15.62,9.43,
1650224066786,UPGRADE,0.5,ASSY1,0.97,CHIFLASH,10.12,3.55,
1655222000995,UPGRADE,0.99,ASSY1,0.03,CHIFLASH,9.91,3.59,
1655022007067,UPGRADE,0.9,ASSY1,9.68,CHIFLASH,7.18,70.32,
1654923025733,UPGRADE,1.46,ASSY1,9.31,CHIFLASH,7.24,8.72,
1654922004506,UPGRADE,2.52,ASSY1,0.19,CHIFLASH,10.21,34.66,
1654823051096,UPGRADE,1.99,ASSY1,0.88,CHIFLASH,9.33,0.02,
1654822905436,UPGRADE,2.91,ASSY1,11.26,CHIFLASH,2.45,22.26,
1654723016400,UPGRADE,0.11,ASSY1,0.04,CHIFLASH,12.04,69.47,
1654623006503,UPGRADE,1.6,ASSY1,1.04,CHIFLASH,10.15,85.71,
1654423077445,UPGRADE,2.2,ASSY1,15.47,CHIFLASH,1.68,13.29,
1654423046830,UPGRADE,1.46,ASSY1,1.01,CHIFLASH,10.12,71.15,
1654223037308,UPGRADE,2.99,ASSY1,1.45,CHIFLASH,12.88,11.78,
1654123019261,UPGRADE,2.94,ASSY1,11.33,CHIFLASH,3.4,22.06,
1652823053083,UPGRADE,2.16,ASSY1,9.32,CHIFLASH,7.32,8.73,
1651024003432,UPGRADE,0.08,ASSY1,0.03,CHIFLASH,12.07,84.53,
1650724030613,UPGRADE,1.09,ASSY1,13.35,CHIFLASH,0.97,93.59,
1650524006631,UPGRADE,1.96,ASSY1,2.14,CHIFLASH,4.24,33.62,
1650324003122,UPGRADE,0.05,ASSY1,0.1,CHIFLASH,15.76,31.64,
1655122005564,UPGRADE,0.07,ASSY1,8.87,CHIFLASH,8.22,11.72,
1655022005051,UPGRADE,0.06,ASSY1,1.65,CHIFLASH,12.88,92.85,
1654923022308,UPGRADE,1.19,ASSY1,13.6,CHIFLASH,1.82,31.29,
1654922020735,UPGRADE,0.42,ASSY1,0.57,CHIFLASH,12.78,4.87,
1652724134359,UPGRADE,1.23,ASSY1,14.01,CHIFLASH,0.99,9.46,
1652124072727,UPGRADE,1.22,ASSY1,1.35,CHIFLASH,82.7,64.62,
1651624056469,UPGRADE,0.44,ASSY1,12.37,CHIFLASH,3.62,9.45,
1651324063997,UPGRADE,0.06,ASSY1,8.87,CHIFLASH,7.4,4.95,
1650324069823,UPGRADE,1.18,ASSY1,14.17,CHIFLASH,0.92,13.04,
1650224022782,UPGRADE,0.66,ASSY1,12.61,CHIFLASH,3.43,9.71,
1655223046354,UPGRADE,0.06,ASSY1,0.07,CHIFLASH,12.05,71.27,
1655223018536,UPGRADE,0.41,ASSY1,7.76,CHIFLASH,4.84,22.09,
1655223003072,UPGRADE,0.01,ASSY1,0.47,CHIFLASH,14.01,8.66,
1655122011581,UPGRADE,2.64,ASSY1,6.81,CHIFLASH,5.33,92.76,
1654923018734,UPGRADE,0.1,ASSY1,6.42,CHIFLASH,5.74,22.35,
1654723035396,UPGRADE,1.19,ASSY1,9.44,CHIFLASH,4.22,13.22,
1654523014370,UPGRADE,2.73,ASSY1,6.46,CHIFLASH,5.33,22.36,
1653823017751,UPGRADE,0.28,ASSY1,8.33,CHIFLASH,3.73,14.04,
1652823004837,UPGRADE,0.82,ASSY1,1.81,CHIFLASH,14.53,22.17,
1652724014663,UPGRADE,1.01,ASSY1,7.48,CHIFLASH,4.65,22.09,
1652024000255,UPGRADE,0.95,ASSY1,9.13,CHIFLASH,7.42,8.71,
1651323008062,UPGRADE,0.12,ASSY1,0.04,CHIFLASH,15.2,91.76,
1651224052836,UPGRADE,1.63,ASSY1,0.36,CHIFLASH,14.03,13.09,
1650924077751,UPGRADE,0.57,ASSY1,7.81,CHIFLASH,4.72,4.41,
1650224063875,UPGRADE,0.07,ASSY1,0.28,CHIFLASH,15.19,14.05,
1650224063755,UPGRADE,1.07,ASSY1,9.43,CHIFLASH,4.83,15.08,
1650124012027,UPGRADE,3.08,ASSY1,7.21,CHIFLASH,3.9,93.6,
1650123202284,UPGRADE,1.4,ASSY1,0.46,CHIFLASH,13.02,21.22,
1655222002693,UPGRADE,0.56,ASSY1,0.82,CHIFLASH,13.81,22.39,
1655222002204,UPGRADE,0.91,ASSY1,0.54,CHIFLASH,13.87,12.07,
1655023051822,UPGRADE,1.57,ASSY1,1.12,CHIFLASH,14.71,4.95,
1654923025702,UPGRADE,0.58,ASSY1,0.09,CHIFLASH,15.11,8.75,
1654723026385,UPGRADE,0.9,ASSY1,0.08,CHIFLASH,14.92,22.5,
1654723019903,UPGRADE,0.42,ASSY1,9.67,CHIFLASH,3.39,24.31,
1654123085272,UPGRADE,1.54,ASSY1,15.7,CHIFLASH,1.96,13.31,
1650924073759,UPGRADE,0.59,ASSY1,9.49,CHIFLASH,3.08,22.4,
1650824022742,UPGRADE,1.59,ASSY1,0.97,CHIFLASH,13.65,13.11,
1650224007594,UPGRADE,0.65,ASSY1,0.2,CHIFLASH,14.94,15.25,
1650123202918,UPGRADE,0.18,ASSY1,9.82,CHIFLASH,3.64,21.31,
1655322016351,UPGRADE,0.79,ASSY1,1.38,CHIFLASH,1.94,2.46,
1655222012298,UPGRADE,1.06,ASSY1,1.8,CHIFLASH,2.91,4.89,
1654923025622,UPGRADE,0.07,ASSY1,0.27,CHIFLASH,14.76,85.75,
1654922004131,UPGRADE,1.19,ASSY1,1.25,CHIFLASH,1.81,3.64,
1654822902559,UPGRADE,0.71,ASSY1,1.65,CHIFLASH,2.13,3.59,
1654522010052,UPGRADE,0.07,ASSY1,0.24,CHIFLASH,14.78,70.31,
1654223050384,UPGRADE,0.45,ASSY1,0.35,CHIFLASH,12.75,15.24,
1654223047025,UPGRADE,0.48,ASSY1,0.37,CHIFLASH,12.68,0.36,
1654123083598,UPGRADE,1.48,ASSY1,1.29,CHIFLASH,1.62,3.62,
1654123067078,UPGRADE,0.11,ASSY1,0.04,CHIFLASH,15.79,85.75,
1653823060287,UPGRADE,0.6,ASSY1,1.59,CHIFLASH,9.83,85.83,
1653823043281,UPGRADE,1.13,ASSY1,0.33,CHIFLASH,2.48,64.63,
1653823016223,UPGRADE,0.57,ASSY1,0.03,CHIFLASH,16.94,93.52,
1651624065378,UPGRADE,0.58,ASSY1,0.07,CHIFLASH,12.89,15.61,
1651524096601,UPGRADE,0.45,ASSY1,1.71,CHIFLASH,2.02,4.96,
1655222010079,UPGRADE,0.03,ASSY1,0.18,CHIFLASH,17.24,34.72,
1655222003746,UPGRADE,0.64,ASSY1,0.12,CHIFLASH,10.8,2.44,
1655222001466,UPGRADE,0.02,ASSY1,1.5,CHIFLASH,16.29,15.4,
1655122020143,UPGRADE,0.12,ASSY1,0.3,CHIFLASH,18.01,92.74,
1655022007435,UPGRADE,1.63,ASSY1,0.28,CHIFLASH,15.28,14.15,
1654923006645,UPGRADE,1.54,ASSY1,0.03,CHIFLASH,16.87,21.33,
1654823017842,UPGRADE,1.55,ASSY1,0.11,CHIFLASH,16.13,85.68,
1654823017295,UPGRADE,1.6,ASSY1,0.03,CHIFLASH,15.69,88.94,
1654423047764,UPGRADE,0.01,ASSY1,1.64,CHIFLASH,16.37,15.62,
1654423017075,UPGRADE,0.06,ASSY1,3.85,CHIFLASH,9.89,85.68,
1654123014093,UPGRADE,0.0,ASSY1,1.09,CHIFLASH,13.96,34.69,
1653823009341,UPGRADE,0.23,ASSY1,3.63,CHIFLASH,10.46,2.45,
1653623031601,UPGRADE,0.02,ASSY1,1.05,CHIFLASH,14.08,15.2,
1652323021526,UPGRADE,0.14,ASSY1,3.45,CHIFLASH,10.58,85.69,
1651824049514,UPGRADE,0.15,ASSY1,1.95,CHIFLASH,10.23,3.71,
1651824048769,UPGRADE,0.02,ASSY1,1.59,CHIFLASH,13.81,18.85,
1651424089920,UPGRADE,0.08,ASSY1,0.26,CHIFLASH,17.12,14.88,
1650924011119,UPGRADE,0.03,ASSY1,0.34,CHIFLASH,17.23,15.63,
1655322016180,UPGRADE,0.14,ASSY1,0.05,CHIFLASH,17.61,24.26,
1655022008135,UPGRADE,0.17,ASSY1,0.02,CHIFLASH,17.75,0.0,
1654923077146,UPGRADE,1.04,ASSY1,1.3,CHIFLASH,16.08,11.38,
1654923033564,UPGRADE,0.74,ASSY1,0.04,CHIFLASH,14.92,85.81,
1654423077099,UPGRADE,0.48,ASSY1,0.48,CHIFLASH,13.63,18.63,
1654423054507,UPGRADE,0.03,ASSY1,0.43,CHIFLASH,18.78,93.61,
1654422020067,UPGRADE,0.7,ASSY1,0.49,CHIFLASH,16.13,11.32,
1654223045659,UPGRADE,0.04,ASSY1,0.49,CHIFLASH,4.0,16.17,
1654223036159,UPGRADE,0.86,ASSY1,1.28,CHIFLASH,16.18,32.32,
1653923017963,UPGRADE,0.19,ASSY1,0.15,CHIFLASH,4.84,25.71,
1652124096289,UPGRADE,1.08,ASSY1,0.81,CHIFLASH,2.43,42.16,
1651524096515,UPGRADE,0.17,ASSY1,0.06,CHIFLASH,18.95,92.85,
1651523003637,UPGRADE,0.47,ASSY1,0.62,CHIFLASH,4.08,41.88,
1650924015179,UPGRADE,0.92,ASSY1,0.61,CHIFLASH,15.99,10.5,
1650723007847,UPGRADE,0.32,ASSY1,0.12,CHIFLASH,19.59,22.18,
1650224072450,UPGRADE,0.44,ASSY1,0.59,CHIFLASH,2.27,16.72,
1650123202631,UPGRADE,0.32,ASSY1,0.59,CHIFLASH,13.56,15.17,
1655123010478,UPGRADE,0.12,ASSY1,0.04,CHIFLASH,4.11,47.68,
1654822902701,UPGRADE,0.73,ASSY1,0.32,CHIFLASH,15.53,15.62,
1654423014038,UPGRADE,0.84,ASSY1,0.06,CHIFLASH,15.41,85.58,
1654422018316,UPGRADE,0.56,ASSY1,0.03,CHIFLASH,17.3,31.66,
1654223040096,UPGRADE,0.91,ASSY1,0.79,CHIFLASH,16.59,85.8,
1653823013351,UPGRADE,1.57,ASSY1,0.04,CHIFLASH,15.54,89.01,
1653823010017,UPGRADE,1.02,ASSY1,0.2,CHIFLASH,16.07,9.69,
1652923026681,UPGRADE,0.69,ASSY1,0.09,CHIFLASH,15.45,84.56,
1652823053107,UPGRADE,0.77,ASSY1,0.57,CHIFLASH,11.79,85.77,
1651424055406,UPGRADE,1.05,ASSY1,0.36,CHIFLASH,11.92,11.86,
1651124022547,UPGRADE,0.79,ASSY1,0.33,CHIFLASH,2.41,33.63,
1650924025150,UPGRADE,0.1,ASSY1,0.05,CHIFLASH,19.91,22.42,
1650824001709,UPGRADE,0.67,ASSY1,0.59,CHIFLASH,2.98,18.64,
1650724034282,UPGRADE,0.54,ASSY1,0.06,CHIFLASH,13.31,93.54,
1650623009704,UPGRADE,0.57,ASSY1,0.74,CHIFLASH,13.88,4.42,
1650423012062,UPGRADE,0.97,ASSY1,0.06,CHIFLASH,3.05,14.22,
1650324065687,UPGRADE,0.11,ASSY1,0.06,CHIFLASH,4.17,17.71,
1650224086464,UPGRADE,0.36,ASSY1,1.02,CHIFLASH,3.01,20.13,
1655222002759,UPGRADE,0.16,ASSY1,1.69,CHIFLASH,3.88,113.84,
1655023036222,UPGRADE,2.01,ASSY1,1.37,CHIFLASH,6.32,19.85,
1655023013429,UPGRADE,0.65,ASSY1,0.1,CHIFLASH,17.89,11.47,
1654923005766,UPGRADE,0.4,ASSY1,0.37,CHIFLASH,18.7,84.47,
1654723002889,UPGRADE,1.01,ASSY1,1.21,CHIFLASH,4.04,16.79,
1654623024833,UPGRADE,0.08,ASSY1,1.93,CHIFLASH,3.7,41.87,
1654523033818,UPGRADE,0.07,ASSY1,2.08,CHIFLASH,3.73,48.44,
1654123084403,UPGRADE,0.24,ASSY1,1.43,CHIFLASH,4.0,48.47,
1654123038088,UPGRADE,0.29,ASSY1,1.6,CHIFLASH,5.24,16.75,
1654123037566,UPGRADE,0.07,ASSY1,4.47,CHIFLASH,12.86,85.85,
1654023007302,UPGRADE,0.11,ASSY1,3.55,CHIFLASH,2.22,17.72,
1653923018381,UPGRADE,2.2,ASSY1,2.83,CHIFLASH,12.96,85.88,
1652923029979,UPGRADE,0.11,ASSY1,6.06,CHIFLASH,10.39,3.78,
1651223022599,UPGRADE,1.68,ASSY1,2.78,CHIFLASH,13.58,88.95,
1650824022069,UPGRADE,0.48,ASSY1,6.31,CHIFLASH,10.18,3.8,
1650724014952,UPGRADE,0.06,ASSY1,6.35,CHIFLASH,10.89,3.53,
1655222002717,UPGRADE,0.59,ASSY1,2.69,CHIFLASH,20.27,93.52,
1655023035276,UPGRADE,0.01,ASSY1,4.0,CHIFLASH,19.67,22.38,
1655023022142,UPGRADE,0.52,ASSY1,1.79,CHIFLASH,20.38,92.84,
1654723005352,UPGRADE,0.1,ASSY1,0.41,CHIFLASH,3.8,41.73,
1654623027626,UPGRADE,0.05,ASSY1,0.24,CHIFLASH,2.42,32.6,
1654123009541,UPGRADE,0.13,ASSY1,0.33,CHIFLASH,3.75,42.09,
1653923062592,UPGRADE,0.12,ASSY1,2.25,CHIFLASH,2.6,48.4,
1653923061857,UPGRADE,0.07,ASSY1,3.32,CHIFLASH,1.21,16.84,
1653923051135,UPGRADE,0.04,ASSY1,3.97,CHIFLASH,19.87,85.63,
1653823043424,UPGRADE,0.1,ASSY1,2.76,CHIFLASH,17.41,92.37,
1652823035159,UPGRADE,1.48,ASSY1,1.53,CHIFLASH,3.78,47.68,
1651223022203,UPGRADE,0.09,ASSY1,2.27,CHIFLASH,2.71,25.73,
1650924013766,UPGRADE,1.66,ASSY1,1.37,CHIFLASH,5.2,26.06,
1650724007832,UPGRADE,2.02,ASSY1,2.88,CHIFLASH,16.81,24.31,
1650524027896,UPGRADE,0.77,ASSY1,1.64,CHIFLASH,2.7,48.42,
1650324008566,UPGRADE,0.35,ASSY1,0.66,CHIFLASH,18.57,70.33,
1650224082951,UPGRADE,1.82,ASSY1,0.11,CHIFLASH,0.51,29.88,
1650224008808,UPGRADE,0.1,ASSY1,0.31,CHIFLASH,2.46,33.88,
1650123202422,UPGRADE,0.08,ASSY1,2.72,CHIFLASH,19.54,24.24,
1655322007774,UPGRADE,3.32,ASSY1,0.29,CHIFLASH,4.25,20.08,
1654923078681,UPGRADE,1.95,ASSY1,0.1,CHIFLASH,17.06,71.13,
1654823050719,UPGRADE,2.52,ASSY1,0.25,CHIFLASH,19.4,22.29,
1654223039131,UPGRADE,1.57,ASSY1,0.09,CHIFLASH,2.82,48.01,
1654123034094,UPGRADE,0.98,ASSY1,2.74,CHIFLASH,18.84,92.43,
1654123019726,UPGRADE,2.1,ASSY1,0.18,CHIFLASH,3.69,25.73,
1654023009110,UPGRADE,0.06,ASSY1,0.02,CHIFLASH,2.77,48.46,
1654023008044,UPGRADE,1.51,ASSY1,0.02,CHIFLASH,20.74,24.18,
1651623003297,UPGRADE,3.33,ASSY1,0.04,CHIFLASH,17.98,24.29,
1650224012957,UPGRADE,0.79,ASSY1,2.55,CHIFLASH,13.16,39.63,
1650123202944,UPGRADE,0.48,ASSY1,2.77,CHIFLASH,4.75,48.41,
1650123202314,UPGRADE,0.91,ASSY1,3.78,CHIFLASH,2.26,26.07,
1655322010228,UPGRADE,4.23,ASSY1,0.07,CHIFLASH,12.51,3.73,
1655322009231,UPGRADE,4.09,ASSY1,0.11,CHIFLASH,12.01,2.43,
1655122020728,UPGRADE,3.41,ASSY1,1.12,CHIFLASH,2.62,47.8,
1654823008210,UPGRADE,3.23,ASSY1,1.14,CHIFLASH,3.26,16.38,
1654223047795,UPGRADE,1.0,ASSY1,1.53,CHIFLASH,4.13,15.45,
1653923062251,UPGRADE,1.28,ASSY1,1.37,CHIFLASH,4.19,20.37,
1652823008545,UPGRADE,3.03,ASSY1,0.97,CHIFLASH,3.22,15.18,
1651824049410,UPGRADE,4.39,ASSY1,0.03,CHIFLASH,11.82,85.71,
1650924035546,UPGRADE,2.39,ASSY1,0.37,CHIFLASH,4.19,16.91,
1650724042109,UPGRADE,4.09,ASSY1,0.08,CHIFLASH,16.1,15.39,
1655223034104,UPGRADE,0.91,ASSY1,3.42,CHIFLASH,16.71,24.28,
1655123036567,UPGRADE,1.1,ASSY1,3.57,CHIFLASH,16.43,0.05,
1654923066947,UPGRADE,2.1,ASSY1,0.36,CHIFLASH,18.05,24.23,
1654823020321,UPGRADE,0.92,ASSY1,1.85,CHIFLASH,6.29,48.45,
1654723023672,UPGRADE,0.97,ASSY1,1.77,CHIFLASH,4.14,20.09,
1654723009873,UPGRADE,1.71,ASSY1,1.61,CHIFLASH,21.16,8.67,
1654423041483,UPGRADE,0.87,ASSY1,1.8,CHIFLASH,20.51,92.42,
1654422010467,UPGRADE,1.85,ASSY1,2.83,CHIFLASH,13.41,64.61,
1655023038784,UPGRADE,0.33,ASSY1,5.89,CHIFLASH,6.01,12.6,
1655022001505,UPGRADE,0.02,ASSY1,9.79,CHIFLASH,13.75,16.67,
1654923025715,UPGRADE,0.36,ASSY1,6.13,CHIFLASH,8.57,29.89,
1654923006763,UPGRADE,0.31,ASSY1,5.91,CHIFLASH,7.56,1.52,
1654823018844,UPGRADE,0.05,ASSY1,9.93,CHIFLASH,13.58,26.09,
1654723041208,UPGRADE,0.04,ASSY1,0.04,CHIFLASH,11.45,48.05,
1654623017957,UPGRADE,0.49,ASSY1,5.98,CHIFLASH,8.86,55.52,
1654623009774,UPGRADE,0.37,ASSY1,0.08,CHIFLASH,16.3,39.64,
1654523038986,UPGRADE,0.01,ASSY1,2.21,CHIFLASH,19.97,42.18,
1654423035223,UPGRADE,1.39,ASSY1,0.19,CHIFLASH,15.05,3.63,
1654422017124,UPGRADE,0.05,ASSY1,0.13,CHIFLASH,14.16,18.64,
1654323038188,UPGRADE,1.34,ASSY1,6.51,CHIFLASH,5.91,47.69,
1654223047849,UPGRADE,1.32,ASSY1,0.04,CHIFLASH,15.09,16.9,
1654223027822,UPGRADE,1.15,ASSY1,11.01,CHIFLASH,8.14,33.82,
1651524095410,UPGRADE,1.26,ASSY1,5.95,CHIFLASH,7.92,113.81,
1651323001195,UPGRADE,0.04,ASSY1,0.11,CHIFLASH,10.36,34.72,
1650924032896,UPGRADE,1.41,ASSY1,0.25,CHIFLASH,14.78,85.57,
1650723000781,UPGRADE,0.01,ASSY1,0.03,CHIFLASH,9.51,32.69,
1650224002250,UPGRADE,1.38,ASSY1,6.7,CHIFLASH,8.41,113.91,
1655322010143,UPGRADE,1.54,ASSY1,8.49,CHIFLASH,13.42,48.41,
1655122008736,UPGRADE,0.01,ASSY1,0.03,CHIFLASH,10.71,34.74,
1654823017326,UPGRADE,1.87,ASSY1,0.15,CHIFLASH,24.07,16.59,
1654623024929,UPGRADE,0.51,ASSY1,0.04,CHIFLASH,9.33,55.54,
1654623020526,UPGRADE,0.02,ASSY1,0.02,CHIFLASH,11.13,33.82,
1654423053270,UPGRADE,0.01,ASSY1,0.05,CHIFLASH,9.62,3.8,
1654423047067,UPGRADE,0.02,ASSY1,0.2,CHIFLASH,9.92,39.04,
1654423041193,UPGRADE,1.61,ASSY1,0.41,CHIFLASH,18.27,15.2,
1654323038513,UPGRADE,0.05,ASSY1,0.4,CHIFLASH,10.76,37.16,
1654223036762,UPGRADE,0.02,ASSY1,0.09,CHIFLASH,10.84,32.76,
1654123040955,UPGRADE,1.28,ASSY1,0.41,CHIFLASH,18.51,48.4,
1652823037241,UPGRADE,0.8,ASSY1,0.58,CHIFLASH,14.53,85.87,
1651424036418,UPGRADE,0.03,ASSY1,0.04,CHIFLASH,11.17,47.72,
1650924034399,UPGRADE,0.48,ASSY1,0.09,CHIFLASH,8.9,113.83,
1650524028581,UPGRADE,0.02,ASSY1,0.08,CHIFLASH,9.8,36.36,
1650324069407,UPGRADE,0.02,ASSY1,0.1,CHIFLASH,9.85,58.54,
1650324067119,UPGRADE,0.03,ASSY1,0.03,CHIFLASH,14.57,33.81,
1650124036755,UPGRADE,0.01,ASSY1,0.03,CHIFLASH,9.45,36.66,
1655223030400,UPGRADE,0.29,ASSY1,6.96,CHIFLASH,6.79,19.25,
1655123040627,UPGRADE,3.05,ASSY1,7.94,CHIFLASH,8.01,32.53,
1654923003476,UPGRADE,1.59,ASSY1,1.45,CHIFLASH,82.63,39.63,
1654822011133,UPGRADE,0.49,ASSY1,7.32,CHIFLASH,12.93,41.73,
1654723022572,UPGRADE,1.28,ASSY1,0.09,CHIFLASH,24.29,15.44,
1654723008157,UPGRADE,0.16,ASSY1,11.58,CHIFLASH,12.83,16.67,
1654723007969,UPGRADE,0.65,ASSY1,0.15,CHIFLASH,23.95,26.05,
1654023023842,UPGRADE,0.1,ASSY1,9.85,CHIFLASH,10.43,42.1,
1652823034412,UPGRADE,3.09,ASSY1,7.96,CHIFLASH,8.0,114.0,
1652124096163,UPGRADE,3.38,ASSY1,5.96,CHIFLASH,6.59,16.73,
1652124072438,UPGRADE,0.11,ASSY1,7.66,CHIFLASH,7.01,2.6,
1651524110076,UPGRADE,3.09,ASSY1,7.95,CHIFLASH,2.65,16.34,
1651524097293,UPGRADE,1.27,ASSY1,1.39,CHIFLASH,82.83,63.28,
1651324033883,UPGRADE,3.38,ASSY1,5.62,CHIFLASH,7.67,84.44,
1650724037187,UPGRADE,0.6,ASSY1,7.05,CHIFLASH,5.74,48.46,
1650723005019,UPGRADE,1.03,ASSY1,7.12,CHIFLASH,6.73,89.02,
1650423012245,UPGRADE,0.05,ASSY1,11.31,CHIFLASH,12.87,16.9,
1650323005566,UPGRADE,1.37,ASSY1,0.29,CHIFLASH,24.33,20.08,
1650224086214,UPGRADE,1.19,ASSY1,11.08,CHIFLASH,8.7,20.12,
1655223008983,UPGRADE,2.48,ASSY1,11.12,CHIFLASH,14.39,41.99,
1654923070687,UPGRADE,2.46,ASSY1,11.16,CHIFLASH,13.37,16.4,
1654223053108,UPGRADE,0.39,ASSY1,1.16,CHIFLASH,1.6,32.68,
1654023031178,UPGRADE,1.48,ASSY1,9.63,CHIFLASH,15.58,19.21,
1653823013325,UPGRADE,2.18,ASSY1,0.06,CHIFLASH,9.13,113.93,
1653124028520,UPGRADE,0.52,ASSY1,0.18,CHIFLASH,1.49,36.21,
1652823038419,UPGRADE,1.56,ASSY1,0.07,CHIFLASH,9.8,37.1,
1651124034010,UPGRADE,0.39,ASSY1,1.2,CHIFLASH,1.99,37.22,
1651024047754,UPGRADE,0.39,ASSY1,1.19,CHIFLASH,1.75,37.45,
1651023032440,UPGRADE,1.51,ASSY1,0.49,CHIFLASH,15.03,48.31,
1655322011918,UPGRADE,3.39,ASSY1,0.3,CHIFLASH,15.94,85.56,
1655222002750,UPGRADE,0.62,ASSY1,0.05,CHIFLASH,1.7,36.42,
1655023053875,UPGRADE,3.04,ASSY1,0.03,CHIFLASH,34.16,22.33,
1655022010430,UPGRADE,0.65,ASSY1,0.12,CHIFLASH,1.71,38.96,
1654923068511,UPGRADE,2.41,ASSY1,0.11,CHIFLASH,23.98,19.23,
1654923033977,UPGRADE,2.48,ASSY1,0.02,CHIFLASH,34.23,14.06,
1654923032735,UPGRADE,1.2,ASSY1,0.19,CHIFLASH,33.79,15.15,
1654923021150,UPGRADE,2.31,ASSY1,0.07,CHIFLASH,33.35,10.61,
1654823033171,UPGRADE,3.01,ASSY1,0.09,CHIFLASH,33.93,14.98,
1654723043063,UPGRADE,4.0,ASSY1,1.42,CHIFLASH,23.35,11.49,
1654523022805,UPGRADE,3.13,ASSY1,2.16,CHIFLASH,23.28,19.22,
1654423047299,UPGRADE,2.75,ASSY1,0.08,CHIFLASH,34.17,15.07,
1654323037776,UPGRADE,2.15,ASSY1,0.06,CHIFLASH,3.08,33.9,
1654223009786,UPGRADE,0.54,ASSY1,0.23,CHIFLASH,1.68,36.22,
1651624025901,UPGRADE,1.37,ASSY1,0.09,CHIFLASH,33.78,10.59,
1651224004380,UPGRADE,2.23,ASSY1,0.14,CHIFLASH,33.4,11.71,
1651124025988,UPGRADE,2.42,ASSY1,0.02,CHIFLASH,33.46,12.62,
1651024014268,UPGRADE,0.39,ASSY1,0.02,CHIFLASH,9.03,34.54,
1650224084212,UPGRADE,0.04,ASSY1,0.18,CHIFLASH,1.38,36.35,
1655023052055,UPGRADE,2.1,ASSY1,8.74,CHIFLASH,13.9,16.8,
1654323028324,UPGRADE,0.04,ASSY1,0.04,CHIFLASH,9.55,58.41,
1652824009023,UPGRADE,0.03,ASSY1,0.08,CHIFLASH,15.31,47.57,
1652823007352,UPGRADE,1.89,ASSY1,7.8,CHIFLASH,8.0,70.8,
1651124008529,UPGRADE,0.78,ASSY1,0.02,CHIFLASH,14.34,47.91,
1650924054557,UPGRADE,1.75,ASSY1,7.95,CHIFLASH,2.46,18.8,
1650624033000,UPGRADE,2.03,ASSY1,7.8,CHIFLASH,7.93,2.57,
1650623005885,UPGRADE,0.79,ASSY1,0.03,CHIFLASH,14.24,47.55,
1650224061878,UPGRADE,0.04,ASSY1,0.07,CHIFLASH,14.56,70.79,
1650124024361,UPGRADE,0.81,ASSY1,0.03,CHIFLASH,13.81,16.87,
1654723033974,UPGRADE,6.14,ASSY1,0.09,CHIFLASH,10.8,20.33,
1654323028705,UPGRADE,1.2,ASSY1,0.02,CHIFLASH,34.56,15.36,
1652724035045,UPGRADE,5.68,ASSY1,0.63,CHIFLASH,15.48,2.6,
1652724027703,UPGRADE,1.58,ASSY1,0.8,CHIFLASH,36.63,15.5,
1650224056421,UPGRADE,1.64,ASSY1,1.93,CHIFLASH,34.46,14.87,
1650224052967,UPGRADE,5.67,ASSY1,0.68,CHIFLASH,13.61,85.72,
1650124012656,UPGRADE,1.58,ASSY1,0.26,CHIFLASH,13.32,32.86,
1655223040056,UPGRADE,0.75,ASSY1,0.32,CHIFLASH,13.29,114.03,
1655123016919,UPGRADE,1.44,ASSY1,1.5,CHIFLASH,34.33,10.58,
1654923038626,UPGRADE,2.38,ASSY1,3.93,CHIFLASH,32.96,11.94,
1654823036579,UPGRADE,1.83,ASSY1,1.77,CHIFLASH,34.21,15.32,
1654723042158,UPGRADE,4.0,ASSY1,0.83,CHIFLASH,11.21,11.96,
1654623006476,UPGRADE,0.89,ASSY1,0.48,CHIFLASH,2.49,32.87,
1654422017424,UPGRADE,4.83,ASSY1,0.04,CHIFLASH,16.33,30.76,
1654023080348,UPGRADE,1.1,ASSY1,9.61,CHIFLASH,12.72,17.73,
1652624816468,UPGRADE,2.19,ASSY1,3.62,CHIFLASH,25.13,19.07,
1652624079548,UPGRADE,6.89,ASSY1,9.96,CHIFLASH,11.61,16.88,
1651823105314,UPGRADE,0.58,ASSY1,0.37,CHIFLASH,13.24,18.72,
1651524113343,UPGRADE,0.52,ASSY1,1.53,CHIFLASH,34.3,15.33,
1651524095200,UPGRADE,1.73,ASSY1,3.81,CHIFLASH,25.0,15.08,
1651324051770,UPGRADE,4.79,ASSY1,0.04,CHIFLASH,15.57,47.71,
1651224025532,UPGRADE,1.36,ASSY1,1.5,CHIFLASH,34.24,11.44,
1651124026308,UPGRADE,0.72,ASSY1,0.45,CHIFLASH,13.39,16.75,
1651124017736,UPGRADE,2.41,ASSY1,3.8,CHIFLASH,25.1,16.26,
1650924054470,UPGRADE,1.14,ASSY1,10.1,CHIFLASH,12.69,16.99,
1650724037102,UPGRADE,6.75,ASSY1,0.03,CHIFLASH,18.45,48.48,
1655322014514,UPGRADE,8.75,ASSY1,7.66,CHIFLASH,3.0,15.31,
1654923021743,UPGRADE,8.44,ASSY1,7.67,CHIFLASH,6.96,16.25,
1654823053754,UPGRADE,0.24,ASSY1,2.09,CHIFLASH,1.91,38.83,
1654723039510,UPGRADE,4.56,ASSY1,0.53,CHIFLASH,34.08,14.13,
1654423064081,UPGRADE,1.13,ASSY1,0.35,CHIFLASH,1.93,41.82,
1654123001019,UPGRADE,1.6,ASSY1,0.06,CHIFLASH,3.74,47.63,
1652923015936,UPGRADE,1.11,ASSY1,0.05,CHIFLASH,3.75,44.04,
1652624816356,UPGRADE,2.44,ASSY1,1.19,CHIFLASH,16.31,3.71,
1652323051599,UPGRADE,0.07,ASSY1,6.56,CHIFLASH,12.48,16.98,
1651624025752,UPGRADE,8.85,ASSY1,7.77,CHIFLASH,2.5,14.15,
1651124051520,UPGRADE,1.02,ASSY1,0.06,CHIFLASH,3.78,41.71,
1651124050356,UPGRADE,3.38,ASSY1,2.62,CHIFLASH,10.83,33.72,
1651124043387,UPGRADE,0.14,ASSY1,6.52,CHIFLASH,12.42,17.64,
1651124030657,UPGRADE,0.57,ASSY1,1.62,CHIFLASH,2.01,47.7,
1650924062540,UPGRADE,1.66,ASSY1,0.1,CHIFLASH,2.38,44.49,
1650724041973,UPGRADE,0.38,ASSY1,1.69,CHIFLASH,1.39,41.8,
1650623009287,UPGRADE,0.34,ASSY1,1.28,CHIFLASH,3.49,45.66,
1650224026557,UPGRADE,8.71,ASSY1,7.79,CHIFLASH,2.89,18.57,
1650124016497,UPGRADE,1.39,ASSY1,0.18,CHIFLASH,2.42,43.21,
1655223021187,UPGRADE,3.15,ASSY1,2.21,CHIFLASH,11.01,32.58,
1655223010556,UPGRADE,1.56,ASSY1,0.46,CHIFLASH,37.68,12.62,
1655222004150,UPGRADE,5.83,ASSY1,0.05,CHIFLASH,11.47,114.01,
1655023040610,UPGRADE,3.36,ASSY1,1.87,CHIFLASH,11.05,37.1,
1655023017978,UPGRADE,4.86,ASSY1,2.62,CHIFLASH,16.02,2.58,
1654923026128,UPGRADE,6.13,ASSY1,0.24,CHIFLASH,9.52,0.02,
1654423052474,UPGRADE,3.05,ASSY1,1.68,CHIFLASH,11.1,29.91,
1654123008592,UPGRADE,3.08,ASSY1,1.72,CHIFLASH,16.06,47.87,
1654023073989,UPGRADE,5.84,ASSY1,0.76,CHIFLASH,32.8,8.83,
1654023073761,UPGRADE,2.79,ASSY1,0.05,CHIFLASH,1.22,46.4,
1652824037257,UPGRADE,3.47,ASSY1,1.92,CHIFLASH,12.04,30.79,
1652624050592,UPGRADE,1.44,ASSY1,0.67,CHIFLASH,37.52,15.27,
1652524123285,UPGRADE,5.95,ASSY1,0.06,CHIFLASH,9.58,33.66,
1652524086580,UPGRADE,3.92,ASSY1,2.85,CHIFLASH,9.55,30.75,
1651524048243,UPGRADE,3.42,ASSY1,2.66,CHIFLASH,15.19,48.4,
1651424053104,UPGRADE,5.31,ASSY1,3.47,CHIFLASH,23.38,19.08,
1650924010200,UPGRADE,1.2,ASSY1,0.85,CHIFLASH,37.5,31.28,
1650324069338,UPGRADE,3.35,ASSY1,2.77,CHIFLASH,1.54,33.64,
1650224076481,UPGRADE,1.02,ASSY1,0.85,CHIFLASH,37.47,11.99,
1655122008841,UPGRADE,0.11,ASSY1,0.44,CHIFLASH,6.2,41.89,
1654923073804,UPGRADE,0.88,ASSY1,0.56,CHIFLASH,2.28,34.64,
1654423078149,UPGRADE,2.62,ASSY1,0.04,CHIFLASH,3.12,37.58,
1654023036493,UPGRADE,0.69,ASSY1,1.14,CHIFLASH,4.25,47.62,
1654023015802,UPGRADE,0.24,ASSY1,0.6,CHIFLASH,6.14,36.42,
1653623022443,UPGRADE,0.35,ASSY1,3.2,CHIFLASH,19.17,47.83,
1652923015263,UPGRADE,0.47,ASSY1,0.71,CHIFLASH,0.53,44.66,
1651224060634,UPGRADE,1.05,ASSY1,1.05,CHIFLASH,4.2,44.27,
1651223022107,UPGRADE,14.72,ASSY1,0.93,CHIFLASH,8.25,4.98,
1650824002274,UPGRADE,0.21,ASSY1,1.34,CHIFLASH,3.42,44.31,
1650524007209,UPGRADE,0.05,ASSY1,3.23,CHIFLASH,13.69,16.39,
1655122011560,UPGRADE,1.82,ASSY1,0.15,CHIFLASH,13.58,34.65,
1655122010661,UPGRADE,6.1,ASSY1,0.03,CHIFLASH,9.65,36.41,
1655122007479,UPGRADE,0.34,ASSY1,0.36,CHIFLASH,7.16,44.26,
1655122007179,UPGRADE,2.56,ASSY1,0.13,CHIFLASH,10.49,48.51,
1654922020647,UPGRADE,3.7,ASSY1,0.28,CHIFLASH,2.55,36.41,
1654723037997,UPGRADE,0.07,ASSY1,0.05,CHIFLASH,9.06,37.2,
1654723021872,UPGRADE,1.65,ASSY1,0.03,CHIFLASH,13.74,34.34,
1654323047732,UPGRADE,1.96,ASSY1,0.03,CHIFLASH,13.61,36.48,
1654323038664,UPGRADE,2.7,ASSY1,0.79,CHIFLASH,9.84,15.58,
1654123043003,UPGRADE,1.31,ASSY1,0.04,CHIFLASH,9.88,30.92,
1654023021243,UPGRADE,3.46,ASSY1,1.44,CHIFLASH,1.58,32.56,
1654023008290,UPGRADE,0.05,ASSY1,0.03,CHIFLASH,9.9,32.77,
1652323020959,UPGRADE,1.49,ASSY1,0.04,CHIFLASH,10.54,48.59,
1651823102087,UPGRADE,2.82,ASSY1,0.08,CHIFLASH,1.02,33.65,
1651724009879,UPGRADE,0.14,ASSY1,0.02,CHIFLASH,9.85,32.55,
1650723000490,UPGRADE,2.84,ASSY1,0.07,CHIFLASH,2.92,43.46,
1650423006835,UPGRADE,0.26,ASSY1,0.37,CHIFLASH,7.27,47.85,
1655023030747,UPGRADE,0.07,ASSY1,0.03,CHIFLASH,1.84,36.4,
1654623016229,UPGRADE,1.39,ASSY1,1.81,CHIFLASH,34.55,12.69,
1654423044159,UPGRADE,0.09,ASSY1,0.31,CHIFLASH,86.7,42.1,
1653823013512,UPGRADE,0.05,ASSY1,0.05,CHIFLASH,13.57,33.77,
1653123008437,UPGRADE,0.14,ASSY1,0.04,CHIFLASH,3.63,48.61,
1652823032856,UPGRADE,0.94,ASSY1,0.04,CHIFLASH,13.54,30.92,
1651824048396,UPGRADE,0.04,ASSY1,0.07,CHIFLASH,13.3,0.02,
1651823105505,UPGRADE,1.18,ASSY1,0.03,CHIFLASH,13.43,55.53,
1651524095762,UPGRADE,0.06,ASSY1,0.03,CHIFLASH,13.69,32.77,
1651323008929,UPGRADE,0.09,ASSY1,0.03,CHIFLASH,3.6,44.67,
1651323004305,UPGRADE,0.03,ASSY1,1.13,CHIFLASH,2.87,39.83,
1650423011372,UPGRADE,0.04,ASSY1,0.04,CHIFLASH,3.57,37.21,
1650224082628,UPGRADE,0.04,ASSY1,0.01,CHIFLASH,13.63,36.54,
1654723005512,UPGRADE,6.31,ASSY1,0.33,CHIFLASH,34.1,93.53,
1655322016908,UPGRADE,0.16,ASSY1,0.06,CHIFLASH,2.41,74.3,
1655322007328,UPGRADE,1.57,ASSY1,1.67,CHIFLASH,1.46,33.12,
1655223035093,UPGRADE,1.98,ASSY1,1.97,CHIFLASH,2.08,39.3,
1655223022045,UPGRADE,0.75,ASSY1,2.28,CHIFLASH,3.8,43.6,
1655223004616,UPGRADE,7.13,ASSY1,1.27,CHIFLASH,0.92,2.59,
1655122020312,UPGRADE,1.32,ASSY1,0.99,CHIFLASH,2.3,84.52,
1655023023134,UPGRADE,1.31,ASSY1,1.69,CHIFLASH,2.35,42.63,
1654823018793,UPGRADE,0.27,ASSY1,0.45,CHIFLASH,0.35,14.32,
1654822900837,UPGRADE,7.67,ASSY1,1.84,CHIFLASH,10.34,17.02,
1654723003467,UPGRADE,3.21,ASSY1,0.05,CHIFLASH,3.68,46.59,
1654423048578,UPGRADE,0.95,ASSY1,2.3,CHIFLASH,3.72,47.89,
1654223042894,UPGRADE,1.46,ASSY1,1.95,CHIFLASH,1.4,20.42,
1652824035893,UPGRADE,1.21,ASSY1,2.55,CHIFLASH,3.21,44.28,
1652324104293,UPGRADE,0.06,ASSY1,2.03,CHIFLASH,7.08,48.67,
1652024021265,UPGRADE,3.27,ASSY1,0.05,CHIFLASH,3.51,47.61,
1650623007349,UPGRADE,7.32,ASSY1,1.16,CHIFLASH,1.57,40.22,
1650623005834,UPGRADE,3.71,ASSY1,0.05,CHIFLASH,4.08,44.2,
1650524047882,UPGRADE,0.58,ASSY1,2.21,CHIFLASH,2.15,40.15,
1650524033094,UPGRADE,3.93,ASSY1,0.38,CHIFLASH,4.0,37.35,
1655222001135,UPGRADE,8.8,ASSY1,0.14,CHIFLASH,33.6,74.36,
1655122019980,UPGRADE,0.87,ASSY1,0.1,CHIFLASH,0.75,22.3,
1655122008012,UPGRADE,9.72,ASSY1,0.09,CHIFLASH,15.18,85.64,
1655122005552,UPGRADE,11.34,ASSY1,8.29,CHIFLASH,13.75,19.13,
1655022010218,UPGRADE,10.85,ASSY1,0.09,CHIFLASH,23.81,16.32,
1654923078536,UPGRADE,11.06,ASSY1,8.5,CHIFLASH,13.59,16.44,
1654723036359,UPGRADE,10.64,ASSY1,0.11,CHIFLASH,23.85,12.71,
1654723026293,UPGRADE,10.38,ASSY1,7.86,CHIFLASH,5.02,32.59,
1654523038544,UPGRADE,8.43,ASSY1,0.07,CHIFLASH,33.85,19.09,
1654523014615,UPGRADE,11.41,ASSY1,7.4,CHIFLASH,15.66,41.84,
1654523011756,UPGRADE,10.95,ASSY1,8.6,CHIFLASH,14.2,25.79,
1654423079110,UPGRADE,8.37,ASSY1,0.07,CHIFLASH,33.79,12.03,
1654423066618,UPGRADE,8.87,ASSY1,0.02,CHIFLASH,33.65,16.14,
1654423064538,UPGRADE,9.41,ASSY1,10.82,CHIFLASH,8.07,19.11,
1652823004754,UPGRADE,10.43,ASSY1,8.01,CHIFLASH,3.98,71.16,
1652024020808,UPGRADE,0.91,ASSY1,0.03,CHIFLASH,0.95,84.42,
1651524031460,UPGRADE,10.87,ASSY1,0.33,CHIFLASH,22.56,16.68,
1651124026768,UPGRADE,0.8,ASSY1,0.05,CHIFLASH,1.29,85.63,
1655322016846,UPGRADE,0.05,ASSY1,2.45,CHIFLASH,2.57,3.82,
1655222010681,UPGRADE,3.56,ASSY1,0.1,CHIFLASH,2.77,46.02,
1655122007021,UPGRADE,10.33,ASSY1,7.37,CHIFLASH,8.61,41.92,
1654923078651,UPGRADE,2.45,ASSY1,0.04,CHIFLASH,3.59,40.2,
1654923031412,UPGRADE,10.01,ASSY1,7.48,CHIFLASH,8.73,32.75,
1654723013276,UPGRADE,0.96,ASSY1,1.97,CHIFLASH,1.96,36.82,
1654723003357,UPGRADE,0.98,ASSY1,2.2,CHIFLASH,2.59,30.89,
1654423064485,UPGRADE,0.08,ASSY1,1.98,CHIFLASH,6.95,37.46,
1654423061560,UPGRADE,0.92,ASSY1,2.19,CHIFLASH,1.92,36.34,
1654023027184,UPGRADE,2.34,ASSY1,0.04,CHIFLASH,4.78,38.82,
1652324105243,UPGRADE,2.64,ASSY1,0.08,CHIFLASH,4.62,46.1,
1651623001909,UPGRADE,0.01,ASSY1,0.08,CHIFLASH,3.8,43.31,
1651324046448,UPGRADE,0.05,ASSY1,2.38,CHIFLASH,2.39,39.19,
1651324045779,UPGRADE,2.48,ASSY1,0.02,CHIFLASH,4.72,41.94,
1651223022075,UPGRADE,3.16,ASSY1,0.17,CHIFLASH,2.82,47.84,
1651124034397,UPGRADE,2.5,ASSY1,0.04,CHIFLASH,4.52,41.86,
1651124015593,UPGRADE,10.18,ASSY1,0.08,CHIFLASH,16.17,3.52,
1654923028383,UPGRADE,0.44,ASSY1,0.2,CHIFLASH,3.72,22.16,
1652724045983,UPGRADE,8.16,ASSY1,1.15,CHIFLASH,1.59,37.86,
1651623004559,UPGRADE,1.4,ASSY1,0.88,CHIFLASH,4.42,42.11,
1655023054477,UPGRADE,0.57,ASSY1,0.47,CHIFLASH,3.48,24.35,
1650524023315,UPGRADE,0.38,ASSY1,0.4,CHIFLASH,3.63,22.3,
1654123068838,UPGRADE,2.14,ASSY1,0.04,CHIFLASH,1.06,85.62,
1651124066683,UPGRADE,2.99,ASSY1,0.06,CHIFLASH,8.15,38.31,
1650323005126,UPGRADE,0.83,ASSY1,0.64,CHIFLASH,1.71,84.62,
1655022002895,UPGRADE,2.4,ASSY1,0.05,CHIFLASH,8.26,41.87,
1654023081461,UPGRADE,1.17,ASSY1,0.06,CHIFLASH,3.16,44.22,
1650323000184,UPGRADE,0.1,ASSY1,0.78,CHIFLASH,8.26,41.93,
1655123036065,UPGRADE,6.29,ASSY1,2.43,CHIFLASH,1.68,33.83,
1650623010944,UPGRADE,1.48,ASSY1,7.38,CHIFLASH,33.28,24.36,
1650923018739,UPGRADE,1.03,ASSY1,0.98,CHIFLASH,1.33,84.46,
1654923073088,UPGRADE,1.18,ASSY1,0.72,CHIFLASH,1.53,71.06,
1652323023330,UPGRADE,5.98,ASSY1,2.02,CHIFLASH,10.98,16.85,
1653923066197,UPGRADE,0.49,ASSY1,1.03,CHIFLASH,9.3,48.69,
1654923071528,UPGRADE,1.13,ASSY1,0.77,CHIFLASH,8.42,38.98,
1651024013388,UPGRADE,0.94,ASSY1,1.28,CHIFLASH,8.04,44.45,
1654423082824,UPGRADE,1.88,ASSY1,0.66,CHIFLASH,7.91,46.07,
1653923067295,UPGRADE,1.62,ASSY1,0.55,CHIFLASH,8.14,38.69,
1654123061319,UPGRADE,1.75,ASSY1,7.53,CHIFLASH,33.84,10.67,
1655222003232,UPGRADE,6.4,ASSY1,2.54,CHIFLASH,8.64,58.4,
1653923063948,UPGRADE,1.64,ASSY1,7.32,CHIFLASH,33.91,15.43,
1650923018805,UPGRADE,0.09,ASSY1,0.52,CHIFLASH,3.62,41.79,
1654922020679,UPGRADE,0.06,ASSY1,1.66,CHIFLASH,1.29,46.15,
1650224082531,UPGRADE,11.08,ASSY1,9.53,CHIFLASH,10.38,113.9,
1650224051717,UPGRADE,10.77,ASSY1,8.07,CHIFLASH,7.08,4.89,
1654723006514,UPGRADE,11.3,ASSY1,9.59,CHIFLASH,1.16,85.78,
1650724030451,UPGRADE,10.76,ASSY1,9.72,CHIFLASH,1.5,33.12,
1650624003125,UPGRADE,0.04,ASSY1,1.37,CHIFLASH,19.91,16.79,
1650723008202,UPGRADE,6.9,ASSY1,1.63,CHIFLASH,33.95,31.3,
1654623019581,UPGRADE,2.43,ASSY1,2.12,CHIFLASH,4.04,44.05,
1650824005594,UPGRADE,1.65,ASSY1,0.88,CHIFLASH,6.06,33.82,
1654423008822,UPGRADE,1.86,ASSY1,0.77,CHIFLASH,6.02,0.03,
1650224029403,UPGRADE,2.16,ASSY1,0.8,CHIFLASH,6.34,41.78,
1650224024736,UPGRADE,5.15,ASSY1,0.82,CHIFLASH,35.61,92.67,
1650524045634,UPGRADE,5.1,ASSY1,1.03,CHIFLASH,35.57,11.69,
1654723020798,UPGRADE,4.86,ASSY1,1.12,CHIFLASH,36.73,15.09,
1655022010245,UPGRADE,4.71,ASSY1,1.46,CHIFLASH,35.6,9.84,
1651323007941,UPGRADE,2.35,ASSY1,1.96,CHIFLASH,2.59,46.37,
1650924012076,UPGRADE,0.05,ASSY1,0.23,CHIFLASH,3.58,45.59,
1650324050637,UPGRADE,0.62,ASSY1,2.13,CHIFLASH,6.91,65.88,
1651124045030,UPGRADE,0.22,ASSY1,0.24,CHIFLASH,3.3,47.45,
1654822012469,UPGRADE,0.45,ASSY1,0.11,CHIFLASH,2.08,0.0,
1652724002328,UPGRADE,6.29,ASSY1,0.76,CHIFLASH,33.67,11.58,
1651223017329,UPGRADE,1.66,ASSY1,0.21,CHIFLASH,2.29,47.92,
1651124067480,UPGRADE,1.66,ASSY1,1.95,CHIFLASH,8.07,41.73,
1650724040162,UPGRADE,0.44,ASSY1,0.07,CHIFLASH,2.12,47.87,
1654923078664,UPGRADE,2.36,ASSY1,0.44,CHIFLASH,9.37,45.36,
1654223052775,UPGRADE,5.95,ASSY1,3.09,CHIFLASH,34.39,17.06,
1654023026633,UPGRADE,0.11,ASSY1,1.17,CHIFLASH,2.62,45.53,
1652724061735,UPGRADE,3.25,ASSY1,7.07,CHIFLASH,15.14,31.05,
1652724020788,UPGRADE,2.06,ASSY1,3.35,CHIFLASH,7.16,34.65,
1652624081003,UPGRADE,7.24,ASSY1,2.53,CHIFLASH,1.63,40.02,
1651524110949,UPGRADE,1.71,ASSY1,1.35,CHIFLASH,9.25,48.28,
1651524026041,UPGRADE,3.2,ASSY1,1.35,CHIFLASH,6.43,39.27,
1651424021055,UPGRADE,1.98,ASSY1,2.96,CHIFLASH,7.08,37.7,
1651424020934,UPGRADE,6.13,ASSY1,3.66,CHIFLASH,34.35,15.02,
1651324049247,UPGRADE,4.48,ASSY1,2.5,CHIFLASH,35.44,22.19,
1651324042980,UPGRADE,1.0,ASSY1,1.05,CHIFLASH,2.94,39.29,
1651224060561,UPGRADE,5.98,ASSY1,3.66,CHIFLASH,34.44,34.58,
1651224021616,UPGRADE,2.19,ASSY1,0.65,CHIFLASH,9.41,47.42,
1650924033279,UPGRADE,1.82,ASSY1,3.3,CHIFLASH,7.13,36.02,
1650724037451,UPGRADE,0.88,ASSY1,1.26,CHIFLASH,19.71,15.36,
1650724011239,UPGRADE,0.91,ASSY1,1.74,CHIFLASH,1.63,47.74,
1650624006250,UPGRADE,0.36,ASSY1,0.75,CHIFLASH,0.3,14.78,
1650524066571,UPGRADE,1.1,ASSY1,1.56,CHIFLASH,1.91,0.05,
1650423007543,UPGRADE,0.56,ASSY1,0.56,CHIFLASH,2.65,47.43,
1650324053106,UPGRADE,4.7,ASSY1,2.36,CHIFLASH,34.5,17.03,
1654923036625,UPGRADE,2.85,ASSY1,0.16,CHIFLASH,1.65,91.86,
1654923033114,UPGRADE,3.25,ASSY1,1.6,CHIFLASH,2.02,47.76,
1654923021740,UPGRADE,1.46,ASSY1,1.04,CHIFLASH,2.07,41.7,
1654923021246,UPGRADE,1.8,ASSY1,0.72,CHIFLASH,2.23,45.64,
1653823048372,UPGRADE,2.62,ASSY1,2.66,CHIFLASH,2.05,43.59,
1652724115060,UPGRADE,1.28,ASSY1,4.81,CHIFLASH,2.43,34.67,
1652724112561,UPGRADE,3.51,ASSY1,0.08,CHIFLASH,1.36,84.49,
1652724036819,UPGRADE,3.88,ASSY1,0.04,CHIFLASH,8.35,38.95,
1651823105686,UPGRADE,1.41,ASSY1,0.33,CHIFLASH,19.88,17.05,
1651823102600,UPGRADE,1.52,ASSY1,1.07,CHIFLASH,20.43,114.04,
1651424091105,UPGRADE,3.04,ASSY1,2.29,CHIFLASH,2.11,47.43,
1651424090719,UPGRADE,1.01,ASSY1,4.71,CHIFLASH,4.4,41.51,
1650924040819,UPGRADE,0.92,ASSY1,1.58,CHIFLASH,8.32,44.47,
1650724010627,UPGRADE,2.41,ASSY1,1.79,CHIFLASH,7.67,65.87,
1650724007850,UPGRADE,3.97,ASSY1,0.05,CHIFLASH,8.49,42.43,
1650723002306,UPGRADE,0.88,ASSY1,0.58,CHIFLASH,0.17,2.59,
1650524041505,UPGRADE,1.15,ASSY1,2.03,CHIFLASH,7.72,65.86,
1650124043638,UPGRADE,2.26,ASSY1,1.41,CHIFLASH,8.19,38.96,
1654922009143,UPGRADE,1.07,ASSY1,0.07,CHIFLASH,4.0,55.4,
1654823043992,UPGRADE,0.4,ASSY1,0.3,CHIFLASH,5.34,43.47,
1654823018610,UPGRADE,4.12,ASSY1,0.25,CHIFLASH,3.45,46.18,
1654723038649,UPGRADE,4.17,ASSY1,0.06,CHIFLASH,2.82,42.41,
1654423062030,UPGRADE,2.93,ASSY1,0.81,CHIFLASH,2.86,46.18,
1652823055125,UPGRADE,2.91,ASSY1,1.14,CHIFLASH,3.52,33.87,
1652124094966,UPGRADE,0.62,ASSY1,0.89,CHIFLASH,3.64,36.39,
1651823102134,UPGRADE,1.72,ASSY1,1.09,CHIFLASH,3.02,37.11,
1651623016855,UPGRADE,0.68,ASSY1,0.97,CHIFLASH,3.93,42.48,
1651424054859,UPGRADE,1.82,ASSY1,1.31,CHIFLASH,3.61,61.76,
1650423005741,UPGRADE,1.1,ASSY1,0.05,CHIFLASH,3.49,39.56,
1650124037535,UPGRADE,4.71,ASSY1,0.02,CHIFLASH,2.37,46.23,
1652723016989,UPGRADE,0.73,ASSY1,0.16,CHIFLASH,2.25,40.04,
1653523051166,UPGRADE,4.92,ASSY1,0.28,CHIFLASH,2.14,47.91,
1654023022202,UPGRADE,4.3,ASSY1,0.11,CHIFLASH,2.42,46.44,
1652923000409,UPGRADE,4.23,ASSY1,0.05,CHIFLASH,2.73,38.95,
1654123042577,UPGRADE,3.13,ASSY1,0.06,CHIFLASH,6.98,36.53,
1652823050703,UPGRADE,2.8,ASSY1,1.39,CHIFLASH,2.55,45.61,
1652323053171,UPGRADE,3.19,ASSY1,0.26,CHIFLASH,7.58,38.34,
1655123035485,UPGRADE,2.48,ASSY1,0.15,CHIFLASH,2.84,43.63,
1652823055249,UPGRADE,11.56,ASSY1,0.06,CHIFLASH,2.88,33.89,
1650924014960,UPGRADE,0.18,ASSY1,1.41,CHIFLASH,2.16,47.61,
1654023074512,UPGRADE,0.22,ASSY1,1.4,CHIFLASH,2.04,37.04,
1652923016882,UPGRADE,2.2,ASSY1,0.63,CHIFLASH,2.78,43.62,
1655322014565,UPGRADE,1.14,ASSY1,0.34,CHIFLASH,0.82,70.36,
1654423068957,UPGRADE,4.54,ASSY1,0.55,CHIFLASH,3.1,38.97,
1654923006937,UPGRADE,0.65,ASSY1,2.53,CHIFLASH,7.83,41.65,
1654723011125,UPGRADE,4.74,ASSY1,2.08,CHIFLASH,2.26,37.15,
1650224082606,UPGRADE,0.1,ASSY1,0.65,CHIFLASH,2.64,44.04,
1653923067765,UPGRADE,4.02,ASSY1,1.47,CHIFLASH,7.76,41.45,
1652823055386,UPGRADE,0.34,ASSY1,1.44,CHIFLASH,2.43,47.85,
1652923025232,UPGRADE,0.19,ASSY1,1.59,CHIFLASH,3.01,48.65,
1650524007072,UPGRADE,0.12,ASSY1,1.06,CHIFLASH,3.8,38.36,
1654623022134,UPGRADE,0.35,ASSY1,0.77,CHIFLASH,3.43,45.62,
1654223050492,UPGRADE,1.06,ASSY1,1.46,CHIFLASH,6.33,70.81,
1654023009140,UPGRADE,0.84,ASSY1,1.07,CHIFLASH,8.08,39.92,
1654023015256,UPGRADE,0.44,ASSY1,1.13,CHIFLASH,2.21,36.22,
1654523046010,UPGRADE,0.59,ASSY1,0.91,CHIFLASH,2.47,37.38,
1652923016068,UPGRADE,0.34,ASSY1,0.57,CHIFLASH,4.32,37.72,
1655222000963,UPGRADE,0.07,ASSY1,0.8,CHIFLASH,5.71,62.09,
1655122008278,UPGRADE,0.64,ASSY1,0.28,CHIFLASH,2.05,85.65,
1650524043552,UPGRADE,1.04,ASSY1,0.51,CHIFLASH,1.58,36.66,
1654023079590,UPGRADE,11.23,ASSY1,0.05,CHIFLASH,37.54,84.6,
1653823001340,UPGRADE,7.89,ASSY1,1.72,CHIFLASH,0.14,47.84,
1655023073003,UPGRADE,11.02,ASSY1,0.11,CHIFLASH,0.98,33.81,
1655122008399,UPGRADE,0.18,ASSY1,2.5,CHIFLASH,7.78,46.45,
1653823026332,UPGRADE,0.12,ASSY1,0.78,CHIFLASH,3.05,34.68,
1655122005708,UPGRADE,0.11,ASSY1,1.47,CHIFLASH,8.27,41.72,
1650624011968,UPGRADE,0.18,ASSY1,1.39,CHIFLASH,1.88,36.03,
1651024038973,UPGRADE,1.69,ASSY1,1.45,CHIFLASH,18.89,16.55,
1651424050016,UPGRADE,0.43,ASSY1,1.15,CHIFLASH,0.89,37.03,
1652823051697,UPGRADE,1.75,ASSY1,0.17,CHIFLASH,1.91,14.14,
1655023021811,UPGRADE,0.12,ASSY1,0.36,CHIFLASH,1.04,36.54,
1654023016091,UPGRADE,2.35,ASSY1,2.19,CHIFLASH,0.22,11.44,
1654523045678,UPGRADE,2.19,ASSY1,1.62,CHIFLASH,0.98,15.42,
1650624033080,UPGRADE,2.0,ASSY1,0.47,CHIFLASH,7.73,38.3,
1650724025749,UPGRADE,0.84,ASSY1,2.62,CHIFLASH,7.89,38.95,
1655322004328,UPGRADE,2.65,ASSY1,1.37,CHIFLASH,0.27,3.69,
1655023034826,UPGRADE,6.28,ASSY1,7.01,CHIFLASH,15.91,1.55,
1655022002954,UPGRADE,6.1,ASSY1,7.14,CHIFLASH,11.11,113.8,
1654923073303,UPGRADE,2.79,ASSY1,0.25,CHIFLASH,2.03,57.77,
1654923023422,UPGRADE,16.58,ASSY1,9.09,CHIFLASH,3.16,41.97,
1654923022990,UPGRADE,3.21,ASSY1,5.66,CHIFLASH,4.32,61.78,
1654822902268,UPGRADE,16.44,ASSY1,10.13,CHIFLASH,12.77,15.63,
1654723025483,UPGRADE,2.75,ASSY1,0.3,CHIFLASH,0.63,36.94,
1654522012711,UPGRADE,6.66,ASSY1,7.49,CHIFLASH,1.71,34.49,
1652824016485,UPGRADE,2.83,ASSY1,0.26,CHIFLASH,1.78,18.65,
1652724062664,UPGRADE,1.57,ASSY1,0.12,CHIFLASH,2.18,34.5,
1652624078244,UPGRADE,1.08,ASSY1,0.7,CHIFLASH,1.31,36.28,
1652124119412,UPGRADE,2.69,ASSY1,0.56,CHIFLASH,1.59,18.78,
1651523005194,UPGRADE,6.06,ASSY1,1.39,CHIFLASH,18.9,16.87,
1651424031207,UPGRADE,0.27,ASSY1,2.2,CHIFLASH,0.73,38.25,
1651124049921,UPGRADE,2.15,ASSY1,4.44,CHIFLASH,7.85,43.97,
1650924057352,UPGRADE,1.49,ASSY1,0.11,CHIFLASH,3.31,45.55,
1650924054931,UPGRADE,0.34,ASSY1,1.23,CHIFLASH,0.34,62.21,
1650424012239,UPGRADE,2.15,ASSY1,4.85,CHIFLASH,6.35,44.01,
1650323003389,UPGRADE,0.14,ASSY1,1.97,CHIFLASH,0.87,0.02,
1650224086718,UPGRADE,16.7,ASSY1,9.21,CHIFLASH,2.88,29.9,
1650224013235,UPGRADE,2.19,ASSY1,4.57,CHIFLASH,6.86,46.45,
1650124039012,UPGRADE,2.81,ASSY1,0.19,CHIFLASH,1.99,15.47,
1655023016425,UPGRADE,0.02,ASSY1,0.05,CHIFLASH,4.08,85.77,
1654923067583,UPGRADE,1.2,ASSY1,0.27,CHIFLASH,7.66,38.31,
1654923031440,UPGRADE,0.33,ASSY1,0.62,CHIFLASH,3.57,4.77,
1654923029514,UPGRADE,0.77,ASSY1,0.16,CHIFLASH,0.03,92.36,
1654723040493,UPGRADE,0.91,ASSY1,0.42,CHIFLASH,2.36,38.73,
1654723009578,UPGRADE,2.26,ASSY1,4.53,CHIFLASH,6.46,61.79,
1654523027981,UPGRADE,2.03,ASSY1,1.26,CHIFLASH,3.62,20.18,
1654423049539,UPGRADE,0.47,ASSY1,0.07,CHIFLASH,0.77,88.96,
1654223016428,UPGRADE,1.03,ASSY1,0.21,CHIFLASH,8.33,46.46,
1654123061284,UPGRADE,0.83,ASSY1,0.03,CHIFLASH,2.17,85.64,
1654023078916,UPGRADE,1.22,ASSY1,0.17,CHIFLASH,8.14,39.31,
1654023040249,UPGRADE,0.64,ASSY1,0.15,CHIFLASH,0.03,71.21,
1652823050387,UPGRADE,2.35,ASSY1,5.81,CHIFLASH,4.25,44.22,
1651823102497,UPGRADE,2.3,ASSY1,1.35,CHIFLASH,2.64,43.61,
1651324024371,UPGRADE,1.88,ASSY1,1.69,CHIFLASH,3.65,46.19,
1651223023489,UPGRADE,1.0,ASSY1,0.73,CHIFLASH,1.25,92.36,
1651024048880,UPGRADE,0.74,ASSY1,0.09,CHIFLASH,0.63,70.37,
1650724033314,UPGRADE,1.86,ASSY1,0.31,CHIFLASH,6.35,85.76,
1650623009442,UPGRADE,0.1,ASSY1,0.23,CHIFLASH,0.74,71.07,
1650224019449,UPGRADE,0.51,ASSY1,1.04,CHIFLASH,3.37,43.61,
1651124029175,UPGRADE,0.16,ASSY1,0.54,CHIFLASH,2.68,62.31,
1654923029923,UPGRADE,0.75,ASSY1,0.35,CHIFLASH,2.16,62.29,
1654423017999,UPGRADE,0.38,ASSY1,0.62,CHIFLASH,4.27,36.16,
1651424035280,UPGRADE,0.46,ASSY1,0.42,CHIFLASH,4.31,39.97,
1651124033216,UPGRADE,1.17,ASSY1,0.53,CHIFLASH,4.33,39.18,
1652823008549,UPGRADE,1.62,ASSY1,0.05,CHIFLASH,3.74,37.44,
1650723006034,UPGRADE,3.81,ASSY1,1.08,CHIFLASH,3.3,84.62,
1654923021512,UPGRADE,3.98,ASSY1,0.43,CHIFLASH,3.86,85.7,
1655023038989,UPGRADE,3.85,ASSY1,1.9,CHIFLASH,4.26,33.65,
1650224024188,UPGRADE,4.09,ASSY1,0.5,CHIFLASH,4.1,84.54,
1654423068935,UPGRADE,0.01,ASSY1,0.45,CHIFLASH,7.71,41.68,
1653723024220,UPGRADE,1.26,ASSY1,0.55,CHIFLASH,2.92,44.76,
1651624022101,UPGRADE,1.45,ASSY1,0.14,CHIFLASH,7.41,41.58,
1651623004311,UPGRADE,11.28,ASSY1,1.16,CHIFLASH,4.32,42.2,
1654623006543,UPGRADE,13.32,ASSY1,44.58,CHIFLASH,0.67,63.72,
1651624031744,UPGRADE,1.32,ASSY1,0.96,CHIFLASH,3.19,34.52,
1652823009035,UPGRADE,0.55,ASSY1,0.44,CHIFLASH,2.37,35.98,
1650124024861,UPGRADE,1.49,ASSY1,0.72,CHIFLASH,3.72,44.79,
1654123063571,UPGRADE,3.65,ASSY1,1.85,CHIFLASH,19.97,19.08,
1654123017622,UPGRADE,6.06,ASSY1,2.16,CHIFLASH,18.72,12.2,
1650424012178,UPGRADE,6.16,ASSY1,3.16,CHIFLASH,2.16,42.45,
1651124068827,UPGRADE,6.11,ASSY1,3.22,CHIFLASH,7.03,42.69,
1653823016392,UPGRADE,1.99,ASSY1,1.54,CHIFLASH,60.57,40.03,
1651624032025,UPGRADE,1.91,ASSY1,0.37,CHIFLASH,61.99,37.44,
1655023062872,UPGRADE,1.44,ASSY1,0.32,CHIFLASH,61.85,61.97,
1650124040809,UPGRADE,1.15,ASSY1,0.61,CHIFLASH,59.52,15.34,
1655023037836,UPGRADE,0.82,ASSY1,1.67,CHIFLASH,58.69,57.5,
1650424005833,UPGRADE,4.8,ASSY1,6.75,CHIFLASH,12.62,15.58,
1650224071071,UPGRADE,11.91,ASSY1,47.01,CHIFLASH,0.87,39.76,
1650224070225,UPGRADE,8.6,ASSY1,0.75,CHIFLASH,46.85,65.63,
1650324069108,UPGRADE,2.15,ASSY1,0.06,CHIFLASH,4.15,71.09,
1653623031025,UPGRADE,0.33,ASSY1,0.42,CHIFLASH,57.1,59.59,
1651124031174,UPGRADE,0.42,ASSY1,58.67,CHIFLASH,1.23,24.47,
1655223045247,UPGRADE,0.54,ASSY1,60.22,CHIFLASH,1.47,36.24,
1651324058447,UPGRADE,0.41,ASSY1,58.51,CHIFLASH,1.81,10.71,
1653823016535,UPGRADE,11.17,ASSY1,46.12,CHIFLASH,0.63,62.31,
1654723016511,UPGRADE,11.36,ASSY1,46.6,CHIFLASH,3.32,15.69,
1654723030378,UPGRADE,11.03,ASSY1,46.94,CHIFLASH,1.42,16.58,
1654023040668,UPGRADE,11.17,ASSY1,46.59,CHIFLASH,3.02,14.33,
1655122006360,UPGRADE,12.42,ASSY1,45.32,CHIFLASH,0.6,57.53,
1652624816633,UPGRADE,59.44,ASSY1,0.41,CHIFLASH,2.37,22.26,
1654923072243,UPGRADE,59.31,ASSY1,1.27,CHIFLASH,1.32,57.52,
1651524049238,UPGRADE,59.01,ASSY1,1.05,CHIFLASH,0.92,21.43,
1654223044829,UPGRADE,0.82,ASSY1,8.65,CHIFLASH,50.66,15.6,
1650224068978,UPGRADE,13.05,ASSY1,45.4,CHIFLASH,0.72,59.61,
1654422010870,UPGRADE,4.2,ASSY1,9.31,CHIFLASH,47.72,62.46,
1655023036020,UPGRADE,12.11,ASSY1,46.41,CHIFLASH,1.76,15.61,
1654723018727,UPGRADE,12.34,ASSY1,46.36,CHIFLASH,1.2,57.7,
1651123023530,UPGRADE,11.31,ASSY1,45.06,CHIFLASH,3.57,42.7,
1651524049132,UPGRADE,11.56,ASSY1,45.32,CHIFLASH,0.55,11.52,
1654923034342,UPGRADE,10.76,ASSY1,0.05,CHIFLASH,13.54,34.32,
1654623014254,UPGRADE,9.69,ASSY1,0.11,CHIFLASH,13.38,36.83,
1654723032499,UPGRADE,9.72,ASSY1,0.23,CHIFLASH,14.11,37.3,
1654523045835,UPGRADE,10.62,ASSY1,0.03,CHIFLASH,13.57,32.51,
1654623027225,UPGRADE,4.01,ASSY1,1.35,CHIFLASH,5.82,36.3,
1655122004867,UPGRADE,4.36,ASSY1,1.2,CHIFLASH,6.57,44.7,
1654823056796,UPGRADE,4.44,ASSY1,0.44,CHIFLASH,2.39,45.31,
1654723012977,UPGRADE,3.65,ASSY1,1.18,CHIFLASH,5.75,39.71,
1650724035255,UPGRADE,2.16,ASSY1,1.11,CHIFLASH,3.43,43.6,
1651024061151,UPGRADE,2.33,ASSY1,1.12,CHIFLASH,1.73,39.76,
1653024109487,UPGRADE,2.24,ASSY1,0.71,CHIFLASH,3.2,46.59,
1651124050123,UPGRADE,1.09,ASSY1,0.16,CHIFLASH,0.3,42.21,
1655122023160,UPGRADE,1.21,ASSY1,0.22,CHIFLASH,57.14,62.35,
1650124035766,UPGRADE,1.29,ASSY1,1.42,CHIFLASH,2.27,36.01,
1655123015239,UPGRADE,1.14,ASSY1,0.28,CHIFLASH,4.38,40.21,
1654523023883,UPGRADE,1.04,ASSY1,0.2,CHIFLASH,4.29,58.62,
1651324020489,UPGRADE,0.74,ASSY1,0.18,CHIFLASH,0.18,42.16,
1655023052436,UPGRADE,58.03,ASSY1,0.65,CHIFLASH,0.49,15.16,
1652823037651,UPGRADE,12.04,ASSY1,0.4,CHIFLASH,45.97,63.68,
1654723013906,UPGRADE,0.79,ASSY1,0.38,CHIFLASH,57.87,62.34,
1653823017457,UPGRADE,0.44,ASSY1,0.04,CHIFLASH,58.22,63.36,
1650224054106,UPGRADE,0.48,ASSY1,1.0,CHIFLASH,59.41,35.9,
1652923016897,UPGRADE,3.31,ASSY1,0.07,CHIFLASH,58.49,15.62,
1650224056990,UPGRADE,2.19,ASSY1,0.18,CHIFLASH,58.69,57.62,
1655022002170,UPGRADE,1.07,ASSY1,0.03,CHIFLASH,62.27,62.26,
1654723018872,UPGRADE,0.62,ASSY1,0.03,CHIFLASH,62.83,57.68,
1652724068160,UPGRADE,0.61,ASSY1,0.1,CHIFLASH,60.6,63.48,
1654123018536,UPGRADE,0.6,ASSY1,0.07,CHIFLASH,60.79,62.11,
1655223007458,UPGRADE,0.8,ASSY1,0.05,CHIFLASH,60.85,62.24,
1653823049143,UPGRADE,0.79,ASSY1,0.61,CHIFLASH,88.03,33.92,
1655022002008,UPGRADE,0.6,ASSY1,1.51,CHIFLASH,59.51,62.19,
1655023051816,UPGRADE,0.28,ASSY1,0.05,CHIFLASH,62.24,63.69,
1654422018645,UPGRADE,0.96,ASSY1,0.05,CHIFLASH,61.95,62.42,
1651124017933,UPGRADE,0.15,ASSY1,0.1,CHIFLASH,18.48,14.25,
1653024107782,UPGRADE,0.74,ASSY1,0.11,CHIFLASH,2.06,19.04,
1651524029164,UPGRADE,0.01,ASSY1,0.09,CHIFLASH,7.62,39.62,
1650124025637,UPGRADE,0.15,ASSY1,0.05,CHIFLASH,0.75,42.68,
1651224009797,UPGRADE,0.13,ASSY1,0.09,CHIFLASH,2.55,15.43,
1651224020797,UPGRADE,56.33,ASSY1,1.33,CHIFLASH,2.15,57.47,
1654922015482,UPGRADE,57.69,ASSY1,1.05,CHIFLASH,3.14,62.3,
1652823033657,UPGRADE,57.98,ASSY1,1.14,CHIFLASH,3.62,35.8,
1651124031539,UPGRADE,58.13,ASSY1,0.79,CHIFLASH,3.8,37.0,
1650224071823,UPGRADE,10.37,ASSY1,0.56,CHIFLASH,1.01,15.06,
1654223056122,UPGRADE,10.6,ASSY1,49.99,CHIFLASH,1.69,11.63,
1652624078984,UPGRADE,10.61,ASSY1,51.32,CHIFLASH,0.21,48.17,
1650224073448,UPGRADE,10.97,ASSY1,49.21,CHIFLASH,0.67,36.56,
1655223046124,UPGRADE,0.02,ASSY1,0.41,CHIFLASH,1.97,71.24,
1651024051674,UPGRADE,0.14,ASSY1,0.13,CHIFLASH,1.89,14.55,
1650324069146,UPGRADE,1.4,ASSY1,0.86,CHIFLASH,0.18,85.81,
1650224063186,UPGRADE,0.73,ASSY1,0.43,CHIFLASH,1.0,24.48,
1652124068249,UPGRADE,0.78,ASSY1,1.41,CHIFLASH,2.24,0.05,
1651223019149,UPGRADE,1.17,ASSY1,0.62,CHIFLASH,2.91,46.34,
1655322016583,UPGRADE,2.63,ASSY1,1.99,CHIFLASH,21.36,16.6,
1654623025518,UPGRADE,2.92,ASSY1,2.09,CHIFLASH,21.4,32.59,
1650324077929,UPGRADE,4.28,ASSY1,3.57,CHIFLASH,2.2,35.86,
1650324014803,UPGRADE,10.23,ASSY1,0.05,CHIFLASH,14.1,34.2,
1654723034045,UPGRADE,10.13,ASSY1,1.07,CHIFLASH,13.41,20.27,
1654123066553,UPGRADE,10.7,ASSY1,0.51,CHIFLASH,13.55,113.92,
1651424089444,UPGRADE,10.54,ASSY1,0.44,CHIFLASH,13.8,32.37,
1651324027499,UPGRADE,0.25,ASSY1,0.88,CHIFLASH,59.08,15.09,
1651924053066,UPGRADE,0.16,ASSY1,0.46,CHIFLASH,65.19,48.09,
1655222002992,UPGRADE,0.01,ASSY1,0.29,CHIFLASH,58.84,57.52,
1650624002362,UPGRADE,0.07,ASSY1,0.27,CHIFLASH,64.88,38.87,
1655023035738,UPGRADE,0.16,ASSY1,0.42,CHIFLASH,64.62,43.59,
1652824006340,UPGRADE,0.14,ASSY1,1.09,CHIFLASH,60.17,57.53,
1654623007848,UPGRADE,0.28,ASSY1,0.67,CHIFLASH,58.75,15.52,
1651524027662,UPGRADE,0.36,ASSY1,0.46,CHIFLASH,60.35,15.02,
1655023022950,UPGRADE,0.71,ASSY1,0.65,CHIFLASH,58.96,85.62,
1653923003742,UPGRADE,0.19,ASSY1,1.74,CHIFLASH,60.11,16.91,
1650724037884,UPGRADE,0.22,ASSY1,1.41,CHIFLASH,60.47,18.84,
1654923027234,UPGRADE,0.88,ASSY1,1.87,CHIFLASH,61.67,34.92,
1650924050604,UPGRADE,0.41,ASSY1,2.24,CHIFLASH,58.9,12.08,
1654123043419,UPGRADE,0.47,ASSY1,4.1,CHIFLASH,61.36,38.21,
1654223007204,UPGRADE,0.57,ASSY1,0.22,CHIFLASH,2.01,39.5,
1654623014741,UPGRADE,0.45,ASSY1,0.65,CHIFLASH,1.87,63.31,
1650524027136,UPGRADE,0.48,ASSY1,1.17,CHIFLASH,11.75,41.82,
1655023031543,UPGRADE,1.07,ASSY1,2.93,CHIFLASH,58.7,62.36,
1650924053013,UPGRADE,1.12,ASSY1,3.84,CHIFLASH,61.54,38.21,
1652724017048,UPGRADE,16.31,ASSY1,45.45,CHIFLASH,2.88,10.7,
1655023039470,UPGRADE,16.82,ASSY1,46.05,CHIFLASH,1.99,57.41,
1650224085202,UPGRADE,0.81,ASSY1,0.82,CHIFLASH,2.96,63.48,
1655223002028,UPGRADE,0.34,ASSY1,1.8,CHIFLASH,2.21,57.54,
1651324061007,UPGRADE,16.48,ASSY1,46.71,CHIFLASH,1.99,57.63,
1650324069409,UPGRADE,15.97,ASSY1,2.75,CHIFLASH,3.53,31.06,
1650324053338,UPGRADE,4.21,ASSY1,0.13,CHIFLASH,57.49,62.14,
1652124068231,UPGRADE,1.26,ASSY1,0.02,CHIFLASH,58.85,62.13,
1651424053152,UPGRADE,0.03,ASSY1,0.05,CHIFLASH,57.74,62.28,
1651124066159,UPGRADE,3.95,ASSY1,0.13,CHIFLASH,57.79,63.35,
1651823102443,UPGRADE,16.52,ASSY1,47.84,CHIFLASH,3.54,45.0,
1651624098364,UPGRADE,73.32,ASSY1,5.73,CHIFLASH,23.23,20.29,
1650124023296,UPGRADE,73.23,ASSY1,5.62,CHIFLASH,22.79,19.0,
1650224056156,UPGRADE,3.0,ASSY1,0.36,CHIFLASH,7.86,34.85,
1654923027343,UPGRADE,3.24,ASSY1,0.17,CHIFLASH,7.9,44.21,
1655223086110,UPGRADE,0.35,ASSY1,0.69,CHIFLASH,5.68,45.21,
1650323003474,UPGRADE,0.57,ASSY1,0.14,CHIFLASH,0.51,19.07,
1651024043487,UPGRADE,10.65,ASSY1,45.88,CHIFLASH,0.28,44.98,
1655223022640,UPGRADE,3.87,ASSY1,0.25,CHIFLASH,3.75,0.03,
1652823050683,UPGRADE,2.15,ASSY1,0.06,CHIFLASH,4.26,70.78,
1650124038618,UPGRADE,2.28,ASSY1,0.1,CHIFLASH,3.42,24.27,
1654123002333,UPGRADE,13.22,ASSY1,46.11,CHIFLASH,2.25,85.82,
1655322016090,UPGRADE,13.06,ASSY1,45.51,CHIFLASH,2.73,70.35,
1654923034303,UPGRADE,0.45,ASSY1,9.39,CHIFLASH,48.15,62.26,
1650924056317,UPGRADE,9.5,ASSY1,0.26,CHIFLASH,46.09,62.02,
1652024022639,UPGRADE,2.9,ASSY1,0.48,CHIFLASH,63.27,48.12,
1654923036036,UPGRADE,16.16,ASSY1,44.77,CHIFLASH,0.54,62.15,
1655022000818,UPGRADE,0.67,ASSY1,0.04,CHIFLASH,0.56,36.62,
1655122011478,UPGRADE,0.02,ASSY1,0.41,CHIFLASH,4.54,35.84,
1652124112211,UPGRADE,0.03,ASSY1,0.49,CHIFLASH,2.63,11.58,
1650624007064,UPGRADE,0.58,ASSY1,0.43,CHIFLASH,62.58,63.4,
1650423010332,UPGRADE,18.03,ASSY1,47.1,CHIFLASH,3.15,14.26,
1655022002228,UPGRADE,17.83,ASSY1,47.4,CHIFLASH,0.65,11.55,
1650624007465,UPGRADE,18.41,ASSY1,46.7,CHIFLASH,2.05,59.48,
1654423077765,UPGRADE,5.39,ASSY1,1.6,CHIFLASH,59.16,59.52,
1655222000746,UPGRADE,18.73,ASSY1,0.62,CHIFLASH,46.4,63.28,
1655022000204,UPGRADE,19.05,ASSY1,74.38,CHIFLASH,8.26,16.86,
1652824014004,UPGRADE,0.01,ASSY1,2.35,CHIFLASH,17.64,93.6,
1654223043277,UPGRADE,9.83,ASSY1,57.18,CHIFLASH,2.34,85.55,
1650424005616,UPGRADE,9.82,ASSY1,60.02,CHIFLASH,2.12,39.47,
1655023059172,UPGRADE,0.27,ASSY1,0.05,CHIFLASH,1.53,65.48,
1652624041816,UPGRADE,11.9,ASSY1,0.64,CHIFLASH,46.65,62.02,
1652624035312,UPGRADE,12.9,ASSY1,0.77,CHIFLASH,45.25,63.36,
1655122008463,UPGRADE,12.98,ASSY1,1.17,CHIFLASH,44.87,62.31,
1655322009389,UPGRADE,13.28,ASSY1,45.34,CHIFLASH,2.89,14.23,
1655022000382,UPGRADE,14.96,ASSY1,46.44,CHIFLASH,1.12,62.05,
1653823013943,UPGRADE,15.36,ASSY1,0.6,CHIFLASH,45.92,62.08,
1651024014550,UPGRADE,16.25,ASSY1,44.6,CHIFLASH,0.65,63.58,
1654923068067,UPGRADE,3.55,ASSY1,3.59,CHIFLASH,61.13,57.37,
1655122005838,UPGRADE,5.5,ASSY1,0.02,CHIFLASH,62.48,61.98,
1651623003286,UPGRADE,0.23,ASSY1,2.02,CHIFLASH,2.29,46.23,
1652823005517,UPGRADE,22.3,ASSY1,46.04,CHIFLASH,3.37,57.4,
1654023009995,UPGRADE,4.28,ASSY1,0.03,CHIFLASH,63.03,62.1,
1652024009848,UPGRADE,85.19,ASSY1,0.05,CHIFLASH,22.1,47.91,
1655023015307,UPGRADE,22.06,ASSY1,46.04,CHIFLASH,0.73,37.19,
1654823015799,UPGRADE,22.52,ASSY1,45.97,CHIFLASH,1.52,16.82,
1654623014922,UPGRADE,22.31,ASSY1,46.14,CHIFLASH,0.81,35.69,
1654922018078,UPGRADE,10.78,ASSY1,0.6,CHIFLASH,63.25,38.96,
1654623020850,UPGRADE,11.15,ASSY1,0.2,CHIFLASH,59.14,15.41,
1324521021627,UPGRADE,0.1,ASSY1,0.13,FLA,8.29,256.37,
1324820022548,VI1_REPAIR,19.98,ASSY1,0.37,FLA,86.0,13.23,
1650922003502,UPGRADE,0.03,ASSY1,16.75,FLA,0.44,154.98,
1652622012378,UPGRADE,0.17,ASSY1,0.18,FLA,5.39,256.36,
1564221004877,VI1_REPAIR,113.54,ASSY1,0.65,FLA,4.98,143.6,
1655021010120,UPGRADE,0.01,ASSY1,0.22,FLA,1.55,260.74,
1654821008206,VI1_REPAIR,95.98,ASSY1,0.76,FLA,0.41,138.97,
1565120003570,UPGRADE,0.55,ASSY1,0.06,FLA,2.86,257.67,
1563821008204,VI1_REPAIR,113.73,ASSY1,0.36,FLA,1.71,152.98,
1655221011725,UPGRADE,0.59,ASSY1,0.02,FLA,2.71,257.69,
1655021009958,UPGRADE,0.16,ASSY1,1.86,FLA,5.58,257.59,
1655021009304,UPGRADE,0.02,ASSY1,1.27,FLA,2.72,254.11,
1655021009277,UPGRADE,2.06,ASSY1,0.02,FLA,14.24,254.61,
1651322014909,UPGRADE,2.47,ASSY1,0.22,FLA,13.61,254.62,
1652523006139,UPGRADE,2.46,ASSY1,0.41,FLA,13.45,192.11,
1563921011600,UPGRADE,2.04,ASSY1,18.22,FLA,0.37,156.77,
1561021040305,UPGRADE,1.15,ASSY1,0.73,FLA,14.95,192.69,
1651622004193,UPGRADE,4.43,ASSY1,0.29,FLA,12.86,254.58,
1653922041945,UPGRADE,4.14,ASSY1,1.73,FLA,4.21,143.55,
1560221005402,UPGRADE,4.22,ASSY1,0.45,FLA,12.27,192.1,
1652424051119,UPGRADE,1.54,ASSY1,0.01,CHIFLASH,4.44,46.29,
1651024059442,VI1_REPAIR,20.99,N/A,N/A,CHIFLASH,0.48,47.88,
1650224086483,UPGRADE,6.83,N/A,N/A,CHIFLASH,0.52,39.71,
1654123009320,UPGRADE,4.79,N/A,N/A,CHIFLASH,0.54,61.99,
1650324067105,UPGRADE,2.87,N/A,N/A,CHIFLASH,0.67,65.46,
1653823016705,UPGRADE,2.78,N/A,N/A,CHIFLASH,0.18,41.99,
1650224050137,UPGRADE,2.86,ASSY1,0.4,CHIFLASH,12.96,18.98,
1654423083114,UPGRADE,0.72,ASSY1,0.02,CHIFLASH,2.67,46.29,
1653823049468,UPGRADE,0.86,N/A,N/A,CHIFLASH,1.32,24.34,
1652824025167,UPGRADE,2.97,N/A,N/A,CHIFLASH,56.22,10.78,
1650524073276,UPGRADE,1.27,ASSY1,0.11,CHIFLASH,6.73,15.76,
1650224053547,Disassembly,24.07,BBD,4.15,CHIFLASH,60.57,56.31,
1655223042371,Disassembly,23.72,BBD,0.06,CHIFLASH,0.2,43.51,
1654623021285,Disassembly,25.78,BBD,0.06,CHIFLASH,1.43,43.85,
1654823013913,Disassembly,24.21,BBD,0.13,CHIFLASH,59.12,43.99,
1654923020788,Disassembly,21.84,BBD,0.04,CHIFLASH,1.27,56.3,
1655023055064,Disassembly,22.28,BBD,3.77,CHIFLASH,2.06,44.02,
1652423009332,UPGRADE,1.32,ASSY1,14.09,FLA,0.42,143.62,
1652823109090,UPGRADE,0.13,ASSY1,0.06,FLA,9.07,278.74,
1653023006092,UPGRADE,0.37,ASSY1,0.03,FLA,7.56,0.01,
1652522024020,UPGRADE,0.49,ASSY1,16.3,FLA,0.77,135.7,
1652522029958,UPGRADE,0.42,ASSY1,0.13,FLA,13.2,273.23,
1652823109254,UPGRADE,0.06,ASSY1,0.06,FLA,9.1,279.22,
1653823030247,UPGRADE,0.05,ASSY1,0.49,FLA,1.33,145.54,
1652623018918,UPGRADE,0.12,ASSY1,2.64,FLA,5.84,129.91,
1651922021376,UPGRADE,0.93,ASSY1,0.2,FLA,0.87,135.73,
1652823111528,UPGRADE,0.9,ASSY1,0.99,FLA,20.79,254.67,
1653323002642,VI1_REPAIR,10.59,ASSY1,0.2,FLA,1.68,181.08,
1651122010327,VI1_REPAIR,10.64,ASSY1,0.18,FLA,15.13,256.37,
1652522026746,VI1_REPAIR,3.65,ASSY1,0.99,FLA,0.27,181.17,
1651724065517,VI1_REPAIR,101.74,ASSY1,16.22,FLA,0.54,156.87,
1650522003038,UPGRADE,0.04,ASSY1,0.02,FLA,7.4,278.68,
1653623068635,UPGRADE,1.39,ASSY1,6.24,FLA,1.49,273.29,
1652723036989,UPGRADE,0.34,ASSY1,0.04,FLA,7.08,254.1,
1652823079030,UPGRADE,0.34,ASSY1,0.04,FLA,7.25,260.8,
1652723038607,UPGRADE,0.52,ASSY1,18.27,FLA,0.1,159.5,
1652823044982,UPGRADE,1.61,ASSY1,18.31,FLA,0.67,153.03,
1652723040708,UPGRADE,0.37,ASSY1,2.08,FLA,1.35,143.66,
1653623068471,UPGRADE,1.29,ASSY1,1.18,FLA,0.49,16.4,
1652823020380,UPGRADE,3.72,ASSY1,0.42,FLA,6.86,279.24,
1652823099605,UPGRADE,0.51,ASSY1,2.32,FLA,2.14,0.01,
1652623021330,UPGRADE,1.17,ASSY1,0.03,FLA,0.37,283.3,
1652823045633,VI1_REPAIR,13.04,ASSY1,22.56,FLA,0.61,153.96,
1324822046535,UPGRADE,0.84,ASSY1,0.03,FLA,8.12,273.31,
1324822045262,UPGRADE,0.89,ASSY1,0.41,FLA,4.09,118.4,
1652823043803,UPGRADE,0.6,ASSY1,0.51,FLA,1.27,153.13,
1652924106530,UPGRADE,0.43,ASSY1,16.4,FLA,0.2,155.16,
1653722022451,UPGRADE,0.84,ASSY1,15.67,FLA,0.14,156.92,
1652623020761,UPGRADE,1.0,ASSY1,0.03,FLA,7.64,273.24,
1653023005545,UPGRADE,4.33,ASSY1,1.62,FLA,2.31,135.78,
1652523020364,VI1_REPAIR,14.9,ASSY1,18.02,FLA,0.16,156.64,
1652723040340,UPGRADE,1.11,ASSY1,0.23,FLA,0.24,9.12,
1652723038773,UPGRADE,1.54,ASSY1,0.05,FLA,9.58,279.3,
1324822045775,UPGRADE,0.19,ASSY1,0.21,FLA,9.29,279.22,
1653623068346,UPGRADE,1.46,ASSY1,1.64,FLA,1.48,159.66,
1652623018733,UPGRADE,3.61,ASSY1,19.05,FLA,0.31,153.92,
1653823029688,UPGRADE,1.47,ASSY1,0.28,FLA,9.21,278.85,
1653123011591,UPGRADE,1.47,ASSY1,0.95,FLA,2.86,143.77,
1652823044239,UPGRADE,0.69,ASSY1,0.16,FLA,0.83,136.95,
1653722022624,VI1_REPAIR,137.35,ASSY1,1.11,FLA,0.68,135.84,
1652823076526,UPGRADE,2.22,ASSY1,0.19,FLA,6.54,278.84,
1652423007965,UPGRADE,2.21,ASSY1,0.34,FLA,20.36,257.72,
1320723005086,UPGRADE,0.58,ASSY1,17.89,FLA,0.53,156.9,
1652623020535,UPGRADE,0.51,ASSY1,0.55,FLA,12.64,192.24,
1652823044105,UPGRADE,0.52,ASSY1,6.98,FLA,0.95,129.09,
1652823025945,UPGRADE,1.98,ASSY1,0.56,FLA,5.01,136.93,
1653722026995,UPGRADE,0.43,ASSY1,1.2,FLA,12.99,273.29,
1652723036710,UPGRADE,1.1,ASSY1,0.49,FLA,14.67,273.32,
1652823024779,UPGRADE,1.12,ASSY1,0.41,FLA,8.43,274.8,
1652523023558,VI1_REPAIR,105.79,ASSY1,18.15,FLA,0.07,156.65,
1652823044824,VI1_REPAIR,106.1,ASSY1,18.14,FLA,0.24,157.01,
1651522013312,UPGRADE,1.02,ASSY1,16.04,FLA,0.88,136.91,
1652723037051,UPGRADE,0.86,ASSY1,19.27,FLA,0.24,155.01,
1653323005086,UPGRADE,1.23,ASSY1,3.09,FLA,4.45,143.74,
1652623019078,UPGRADE,1.53,ASSY1,18.4,FLA,0.36,156.91,
1652623013965,VI1_REPAIR,17.89,ASSY1,0.54,FLA,2.56,192.22,
1652522038775,VI1_REPAIR,12.38,ASSY1,0.91,FLA,0.19,156.92,
1652522029329,UPGRADE,1.61,ASSY1,0.15,FLA,0.28,13.39,
1652823033501,Disassembly,26.39,BBD,0.61,CHIFLASH,58.81,44.03,
1651523003368,Disassembly,19.2,BBD,5.08,CHIFLASH,2.8,56.26,
1651324067140,Disassembly,24.3,BBD,8.19,CHIFLASH,59.41,44.0,
1650224064280,Disassembly,21.52,BBD,0.92,CHIFLASH,4.03,55.29,
1655023063534,Disassembly,23.43,BBD,8.54,CHIFLASH,61.16,43.48,
1655222000375,Disassembly,26.3,BBD,5.36,CHIFLASH,0.69,55.25,
1650323002866,Disassembly,26.6,BBD,2.03,CHIFLASH,1.84,55.27,
1655322013302,Disassembly,21.58,BBD,0.05,CHIFLASH,13.46,87.26,
1651224062056,Disassembly,1.54,BBD,3.94,CHIFLASH,58.93,44.83,
1650324004553,Disassembly,22.26,BBD,1.85,CHIFLASH,1.95,48.64,
1654523035879,Disassembly,24.77,BBD,0.95,CHIFLASH,0.84,43.53,
1654723030779,Disassembly,20.88,BBD,0.96,CHIFLASH,1.55,56.28,
1654923077026,Disassembly,19.96,BBD,0.52,CHIFLASH,23.56,3.07,
1651924053741,Disassembly,3.99,BBD,0.36,CHIFLASH,18.4,173.64,
1651924053074,Disassembly,4.62,BBD,1.18,CHIFLASH,9.61,174.17,
1651924052414,Disassembly,4.77,BBD,2.1,CHIFLASH,8.95,173.8,
1651924052364,Disassembly,7.71,BBD,0.78,CHIFLASH,14.71,173.81,
1651924054345,Disassembly,5.72,BBD,0.02,CHIFLASH,33.22,158.01,
1651924054528,Disassembly,4.22,BBD,0.38,CHIFLASH,17.68,234.81,
1651924052478,Disassembly,4.8,BBD,0.47,CHIFLASH,17.03,17.06,
1651924054530,Disassembly,5.82,BBD,0.03,CHIFLASH,17.49,157.98,
1651924054358,Disassembly,7.93,BBD,0.46,CHIFLASH,10.36,0.01,
1651924053874,Disassembly,7.74,BBD,0.58,CHIFLASH,13.5,235.49,
1651924052915,Disassembly,4.47,BBD,0.53,CHIFLASH,24.0,233.78,
1651924054164,Disassembly,5.45,BBD,0.08,CHIFLASH,18.64,173.67,
1651924053768,Disassembly,5.43,BBD,1.59,CHIFLASH,11.06,234.81,
1651924054426,Disassembly,5.1,BBD,2.12,CHIFLASH,9.43,146.02,
1651924053724,Disassembly,5.39,BBD,0.51,CHIFLASH,18.32,173.83,
1651924054512,Disassembly,0.02,BBD,1.92,CHIFLASH,8.5,174.13,
1651924052507,Disassembly,4.57,BBD,0.25,CHIFLASH,24.63,164.56,
1651924054996,Disassembly,6.58,BBD,0.03,CHIFLASH,12.18,235.5,
1651924054030,Disassembly,5.74,BBD,0.61,CHIFLASH,34.18,233.77,
1651924055028,Disassembly,8.05,BBD,0.36,CHIFLASH,9.02,173.81,
1651924054240,Disassembly,5.44,BBD,1.23,CHIFLASH,13.62,174.16,
1651924054346,Disassembly,3.87,BBD,0.26,CHIFLASH,26.32,146.03,
1651924053989,Disassembly,4.08,BBD,2.06,CHIFLASH,9.03,157.45,
1651924053427,Disassembly,3.48,BBD,0.39,CHIFLASH,17.98,234.82,
1651924053766,Disassembly,5.39,BBD,0.51,CHIFLASH,25.86,157.99,
1651924052890,Disassembly,5.69,BBD,0.77,CHIFLASH,33.48,233.75,
1651924052425,Disassembly,5.42,N/A,N/A,CHIFLASH,29.71,157.46,
1651924053564,Disassembly,4.88,BBD,0.18,CHIFLASH,17.99,174.16,
1651924052173,Disassembly,6.51,BBD,0.97,CHIFLASH,13.59,157.43,
1651924054569,Disassembly,4.54,BBD,0.57,CHIFLASH,13.34,17.04,
1651924054262,Disassembly,6.54,BBD,0.54,CHIFLASH,25.54,158.0,
1651924054078,Disassembly,5.98,BBD,0.11,CHIFLASH,17.71,172.78,
1651924054106,Disassembly,4.52,BBD,0.54,CHIFLASH,10.39,233.76,
1651924054097,Disassembly,5.73,BBD,0.59,CHIFLASH,33.79,0.01,
1651924054516,Disassembly,4.34,BBD,0.99,CHIFLASH,9.82,235.49,
1651924052547,Disassembly,6.49,BBD,1.66,CHIFLASH,8.38,146.05,
1651924053238,Disassembly,4.94,BBD,0.04,CHIFLASH,18.94,164.55,
1651924054552,Disassembly,7.09,BBD,1.41,CHIFLASH,12.99,173.66,
1651924054172,Disassembly,7.94,BBD,0.54,CHIFLASH,14.08,164.59,
1651924053535,Disassembly,6.06,BBD,0.63,CHIFLASH,25.7,146.01,
1651924054692,Disassembly,5.54,BBD,0.44,CHIFLASH,16.79,157.4,
1651924052486,Disassembly,3.88,BBD,0.45,CHIFLASH,17.17,164.6,
1751924001957,Disassembly,8.52,BBD,2.17,CHIFLASH,2.34,156.98,
1752324013357,Disassembly,10.47,BBD,2.1,CHIFLASH,22.74,171.8,
1752324003533,Disassembly,9.81,BBD,22.17,CHIFLASH,17.51,157.0,
1752024004299,Disassembly,9.28,BBD,1.63,CHIFLASH,24.36,67.08,
1752324013662,Disassembly,7.24,BBD,0.25,CHIFLASH,1.48,74.03,
1753024024252,Disassembly,13.2,BBD,8.44,CHIFLASH,15.5,173.05,
1753224031326,Disassembly,14.18,BBD,1.14,CHIFLASH,23.1,173.05,
1752124008776,Disassembly,87.12,BBD,0.13,CHIFLASH,0.54,145.05,
1751824004651,Disassembly,11.4,BBD,10.16,CHIFLASH,6.31,157.05,
1752124007032,Disassembly,0.18,BBD,1.22,CHIFLASH,3.65,276.3,
1752124001578,Disassembly,13.28,BBD,15.31,CHIFLASH,24.65,67.08,
1752524004657,Disassembly,14.24,BBD,2.89,CHIFLASH,2.13,171.32,
1753024022335,Disassembly,0.23,BBD,0.67,CHIFLASH,12.47,67.05,
1752024004843,Disassembly,18.69,BBD,2.7,CHIFLASH,16.18,171.29,
1752524002908,Disassembly,18.48,BBD,12.43,CHIFLASH,16.74,132.46,
1751824003265,Disassembly,12.94,BBD,4.16,CHIFLASH,3.45,67.07,
1752124006054,Disassembly,11.46,BBD,0.54,CHIFLASH,24.98,156.3,
1751924000715,Disassembly,11.45,BBD,3.67,CHIFLASH,3.9,276.29,
1751924000652,Disassembly,14.29,BBD,0.09,CHIFLASH,8.01,171.27,
1753024026437,Disassembly,13.32,BBD,7.51,CHIFLASH,6.31,157.14,
1752124008759,Disassembly,86.83,BBD,0.13,CHIFLASH,14.1,132.42,
1752324002983,Disassembly,86.51,BBD,0.1,CHIFLASH,13.87,132.45,
1752124006202,Disassembly,12.46,BBD,7.76,CHIFLASH,10.12,276.29,
1752124009004,Disassembly,11.43,BBD,14.47,CHIFLASH,23.34,172.99,
1752124004072,Disassembly,11.73,BBD,7.35,CHIFLASH,16.77,149.82,
1752824028922,Disassembly,11.6,BBD,0.09,CHIFLASH,7.97,0.01,
1752124002664,Disassembly,11.45,BBD,4.7,CHIFLASH,1.76,149.83,
1651124031390,UPGRADE,6.89,ASSY1,1.29,CHIFLASH,0.81,17.08,
1651124049717,UPGRADE,6.99,ASSY1,2.24,CHIFLASH,1.49,48.41,
1651223016023,UPGRADE,6.77,ASSY1,0.51,CHIFLASH,9.89,39.88,
1651124047404,UPGRADE,2.39,ASSY1,0.04,CHIFLASH,1.76,9.01,
1653823010867,UPGRADE,1.53,ASSY1,0.27,CHIFLASH,24.18,3.97,
1651124046768,UPGRADE,0.1,ASSY1,0.06,CHIFLASH,2.2,8.99,
1654724040215,UPGRADE,1.37,ASSY1,2.67,CHIFLASH,23.12,135.86,
1322724021576,UPGRADE,0.01,ASSY1,3.06,CHIFLASH,43.25,113.16,
1654124080080,UPGRADE,0.29,ASSY1,0.41,CHIFLASH,15.73,20.96,
1653824198382,UPGRADE,0.85,ASSY1,0.29,CHIFLASH,43.87,113.17,
1652824128847,UPGRADE,1.06,ASSY1,1.08,CHIFLASH,2.03,18.79,
1652924071604,UPGRADE,1.01,ASSY1,0.38,CHIFLASH,45.68,108.15,
1322724000439,UPGRADE,1.17,ASSY1,1.54,CHIFLASH,42.26,113.39,
1322724076249,UPGRADE,0.83,ASSY1,1.6,CHIFLASH,42.3,108.51,
1654724050800,UPGRADE,0.37,ASSY1,3.24,CHIFLASH,40.43,93.04,
1652724143803,UPGRADE,1.06,ASSY1,1.65,CHIFLASH,10.33,21.5,
1652424087924,UPGRADE,6.98,ASSY1,2.25,CHIFLASH,41.95,25.46,
1322724000442,UPGRADE,4.34,ASSY1,39.51,CHIFLASH,27.48,25.47,
1322824023653,UPGRADE,7.75,ASSY1,2.91,CHIFLASH,48.41,95.11,
1322724000064,UPGRADE,0.94,ASSY1,8.51,CHIFLASH,2.15,25.48,
1652624024693,UPGRADE,6.16,ASSY1,2.71,CHIFLASH,14.66,138.98,
1654424021412,UPGRADE,6.63,ASSY1,2.72,FLA,42.79,88.73,
1322724001056,UPGRADE,2.1,ASSY1,1.31,CHIFLASH,27.5,88.72,
1322724026983,UPGRADE,1.91,ASSY1,0.97,CHIFLASH,2.11,21.51,
1654724052328,UPGRADE,7.5,ASSY1,2.32,CHIFLASH,44.2,95.12,
1322724021571,UPGRADE,6.0,ASSY1,2.43,CHIFLASH,43.54,88.71,
1322724004422,UPGRADE,6.63,ASSY1,2.61,CHIFLASH,38.02,113.39,
1322624005666,UPGRADE,6.28,ASSY1,2.46,CHIFLASH,41.92,0.02,
1653824203480,UPGRADE,0.98,ASSY1,2.71,CHIFLASH,40.27,0.02,
1654224131521,UPGRADE,3.82,ASSY1,2.67,CHIFLASH,24.66,134.91,
1654624079904,UPGRADE,3.52,ASSY1,1.09,CHIFLASH,7.93,134.92,
1652624025451,UPGRADE,2.98,ASSY1,6.39,CHIFLASH,42.03,0.02,
1654324043849,UPGRADE,3.02,ASSY1,1.89,CHIFLASH,22.18,135.88,
1652924048891,UPGRADE,1.53,ASSY1,0.01,CHIFLASH,8.87,139.42,
1654224182506,UPGRADE,1.93,ASSY1,1.59,CHIFLASH,43.16,113.16,
1654424013471,UPGRADE,3.71,ASSY1,3.56,CHIFLASH,19.06,135.89,
1322724075450,UPGRADE,0.02,ASSY1,1.9,CHIFLASH,11.13,23.78,
1322724025317,UPGRADE,6.11,ASSY1,2.67,CHIFLASH,19.13,25.47,
1650924062965,Disassembly,13.64,BBD,0.63,CHIFLASH,5.75,87.24,
1650724016843,Disassembly,11.32,BBD,0.45,CHIFLASH,37.79,55.02,
1653124026527,Disassembly,0.08,BBD,0.8,CHIFLASH,0.36,40.66,
1651324048544,Disassembly,0.01,BBD,0.26,CHIFLASH,13.35,48.18,
1654723006967,Disassembly,2.36,BBD,2.47,CHIFLASH,22.63,55.05,
1654423017714,Disassembly,2.92,BBD,0.1,CHIFLASH,16.5,3.02,
1651024063202,Disassembly,3.57,BBD,35.01,CHIFLASH,22.45,24.67,
1652923013865,Disassembly,16.87,BBD,0.7,CHIFLASH,0.13,3.08,
1651323000124,Disassembly,16.23,BBD,0.53,CHIFLASH,0.95,2.94,
1650324002190,UPGRADE,0.38,ASSY1,0.18,CHIFLASH,9.55,15.08,
1650224003670,UPGRADE,0.58,ASSY1,72.2,CHIFLASH,46.66,10.63,
1654224194682,UPGRADE,1.56,ASSY1,0.45,CHIFLASH,13.16,113.4,
1654424245637,UPGRADE,3.1,ASSY1,1.42,CHIFLASH,23.17,93.03,
1654124145446,UPGRADE,2.49,ASSY1,0.95,CHIFLASH,2.09,21.52,
1652824061562,UPGRADE,0.18,ASSY1,1.58,CHIFLASH,72.2,134.88,
1654424018547,UPGRADE,3.18,ASSY1,65.53,CHIFLASH,50.66,108.5,
1654424045224,UPGRADE,3.44,ASSY1,65.55,CHIFLASH,50.51,92.83,
1654424246623,UPGRADE,1.4,ASSY1,70.1,CHIFLASH,50.1,113.18,
1653924122571,UPGRADE,1.34,ASSY1,0.57,CHIFLASH,1.34,18.77,
1652724145931,UPGRADE,1.63,ASSY1,66.23,CHIFLASH,50.64,93.05,
1652924093764,UPGRADE,0.44,ASSY1,68.81,CHIFLASH,52.18,108.13,
1652824129635,UPGRADE,0.16,ASSY1,68.57,CHIFLASH,52.95,95.14,
1655123035462,UPGRADE,0.77,ASSY1,7.66,CHIFLASH,38.31,22.06,
1655123037976,UPGRADE,1.47,ASSY1,67.15,CHIFLASH,13.98,35.35,
1655223085735,UPGRADE,0.91,ASSY1,69.94,CHIFLASH,48.23,115.54,
1655223002337,UPGRADE,0.04,ASSY1,0.05,CHIFLASH,128.24,9.86,
1655223086507,UPGRADE,0.07,ASSY1,0.03,CHIFLASH,127.11,9.22,
1650324000836,UPGRADE,0.31,ASSY1,1.46,CHIFLASH,2.59,20.4,
1655123035835,UPGRADE,0.17,ASSY1,0.04,CHIFLASH,127.15,22.08,
1655123038945,UPGRADE,0.72,ASSY1,69.8,CHIFLASH,50.45,115.57,
1650324045142,UPGRADE,0.88,ASSY1,0.06,CHIFLASH,49.86,111.93,
1650324066159,UPGRADE,0.78,ASSY1,70.02,CHIFLASH,49.51,109.62,
1650224022447,UPGRADE,0.71,ASSY1,74.39,CHIFLASH,33.52,17.0,
1650124010189,UPGRADE,0.61,ASSY1,3.72,CHIFLASH,78.36,0.01,
1650324051200,UPGRADE,0.87,ASSY1,1.18,CHIFLASH,2.37,36.31,
1650324053004,UPGRADE,0.84,ASSY1,3.18,CHIFLASH,78.53,35.41,
1655123029720,UPGRADE,0.38,ASSY1,0.81,CHIFLASH,28.57,15.07,
1650224079250,UPGRADE,0.84,ASSY1,0.41,CHIFLASH,85.48,26.59,
1650224089829,UPGRADE,0.81,ASSY1,9.96,CHIFLASH,7.27,50.29,
1654223019040,UPGRADE,1.15,ASSY1,70.06,CHIFLASH,48.09,116.03,
1650224089399,UPGRADE,0.1,ASSY1,68.55,CHIFLASH,52.55,116.02,
1650124043185,UPGRADE,4.5,ASSY1,69.82,CHIFLASH,45.99,9.21,
1650324001247,UPGRADE,0.02,ASSY1,71.08,CHIFLASH,45.82,109.63,
1650224089221,UPGRADE,0.75,ASSY1,65.59,CHIFLASH,16.08,15.51,
1655223002100,UPGRADE,0.24,ASSY1,0.61,CHIFLASH,24.65,20.4,
1650224080051,UPGRADE,0.22,ASSY1,0.2,CHIFLASH,32.7,15.52,
1650324066288,UPGRADE,0.26,ASSY1,0.79,CHIFLASH,83.67,15.5,
1655123038745,UPGRADE,1.11,ASSY1,6.95,CHIFLASH,22.97,35.4,
1655223004415,UPGRADE,0.5,ASSY1,6.22,CHIFLASH,12.77,36.28,
1650124005726,UPGRADE,7.01,ASSY1,2.29,CHIFLASH,20.46,15.03,
1655223006102,UPGRADE,0.23,ASSY1,0.12,CHIFLASH,77.97,16.99,
1650224088200,UPGRADE,0.01,ASSY1,82.82,CHIFLASH,10.85,37.75,
1650324015269,UPGRADE,4.11,ASSY1,69.54,CHIFLASH,46.19,9.23,
1650224022995,UPGRADE,3.05,ASSY1,84.15,CHIFLASH,38.17,109.73,
1650224080358,UPGRADE,0.57,ASSY1,0.12,CHIFLASH,78.04,37.72,
1655123038969,UPGRADE,8.72,ASSY1,2.61,CHIFLASH,19.86,23.42,
1650324052058,UPGRADE,5.54,ASSY1,1.49,CHIFLASH,0.86,24.45,
1650324066287,UPGRADE,0.2,ASSY1,2.68,CHIFLASH,19.37,37.74,
1655123036832,UPGRADE,3.05,ASSY1,67.44,CHIFLASH,8.17,23.41,
1650224023527,UPGRADE,0.63,ASSY1,74.77,CHIFLASH,36.63,10.63,
1650324000113,UPGRADE,1.33,ASSY1,0.77,CHIFLASH,31.32,89.32,
1655223091408,UPGRADE,1.22,ASSY1,13.15,CHIFLASH,17.42,39.46,
1650224089212,UPGRADE,1.08,ASSY1,13.26,CHIFLASH,17.34,23.17,
1655123036869,UPGRADE,0.14,ASSY1,0.08,CHIFLASH,128.44,22.1,
1655123023732,UPGRADE,0.02,ASSY1,0.26,CHIFLASH,128.48,9.87,
1650224050477,UPGRADE,8.48,ASSY1,72.34,CHIFLASH,49.4,115.56,
1655123035552,UPGRADE,8.63,ASSY1,74.38,CHIFLASH,30.24,15.51,
1650224081558,UPGRADE,7.28,ASSY1,72.71,CHIFLASH,49.63,115.9,
1655023024425,UPGRADE,0.05,ASSY1,1.35,CHIFLASH,35.93,115.96,
1655123038381,UPGRADE,3.82,ASSY1,2.07,CHIFLASH,72.82,37.94,
1650324052796,UPGRADE,0.5,ASSY1,0.8,CHIFLASH,8.71,21.86,
1655123036867,UPGRADE,0.5,ASSY1,0.62,CHIFLASH,103.19,37.96,
1655123038087,UPGRADE,0.11,ASSY1,0.04,CHIFLASH,30.56,20.41,
1650224089061,UPGRADE,0.27,ASSY1,0.03,CHIFLASH,128.27,9.86,
1655123037457,UPGRADE,0.05,ASSY1,0.1,CHIFLASH,128.35,9.88,
1655123035300,UPGRADE,1.22,ASSY1,11.27,CHIFLASH,101.95,37.93,
1650324053029,UPGRADE,1.51,ASSY1,0.16,CHIFLASH,0.26,24.43,
1650324000220,UPGRADE,0.52,ASSY1,0.01,CHIFLASH,51.73,109.65,
1650224081788,UPGRADE,0.98,ASSY1,79.15,CHIFLASH,50.31,115.58,
1650224023129,UPGRADE,1.14,ASSY1,79.05,CHIFLASH,50.49,109.76,
1655123033855,UPGRADE,1.47,ASSY1,78.93,CHIFLASH,51.94,109.74,
1650324001892,UPGRADE,8.42,ASSY1,72.34,CHIFLASH,49.66,116.02,
1655123035293,UPGRADE,8.5,ASSY1,76.12,CHIFLASH,45.2,9.25,
1650224023510,UPGRADE,0.09,ASSY1,0.73,CHIFLASH,81.13,16.97,
1655123003062,UPGRADE,0.08,ASSY1,1.02,CHIFLASH,81.08,23.16,
1650224089856,UPGRADE,0.04,ASSY1,0.51,CHIFLASH,85.04,37.71,
1650324051769,UPGRADE,0.41,ASSY1,0.53,CHIFLASH,84.23,37.95,
1655223056269,UPGRADE,0.61,ASSY1,0.59,CHIFLASH,86.73,39.47,
1650224011332,UPGRADE,0.49,ASSY1,0.95,CHIFLASH,85.65,39.43,
1650224010443,UPGRADE,0.19,ASSY1,0.16,CHIFLASH,52.69,115.93,
1655123035353,UPGRADE,0.09,ASSY1,0.27,CHIFLASH,84.84,10.61,
1650224022448,UPGRADE,8.5,ASSY1,74.02,CHIFLASH,45.05,115.91,
1650224009492,UPGRADE,9.26,ASSY1,0.33,CHIFLASH,7.92,24.42,
1655123040941,UPGRADE,8.73,ASSY1,75.94,FLA,27.78,10.62,
1650324068669,UPGRADE,0.29,ASSY1,76.67,CHIFLASH,28.35,23.43,
1650224081412,UPGRADE,8.64,ASSY1,76.26,CHIFLASH,29.52,17.02,
1655123035200,UPGRADE,0.73,ASSY1,1.02,CHIFLASH,87.4,34.5,
1655123018432,UPGRADE,0.03,ASSY1,1.99,CHIFLASH,20.66,57.17,
1652923011844,UPGRADE,0.67,ASSY1,0.01,CHIFLASH,8.88,65.34,
1650423012827,UPGRADE,0.4,ASSY1,140.52,CHIFLASH,0.8,4.95,
1654423064491,UPGRADE,0.21,ASSY1,0.14,CHIFLASH,0.92,5.02,
1654624075365,UPGRADE,0.28,ASSY1,1.64,CHIFLASH,22.02,92.82,
1654624084904,UPGRADE,0.14,ASSY1,0.11,CHIFLASH,9.66,18.78,
1322724026851,UPGRADE,0.43,ASSY1,1.08,CHIFLASH,128.42,108.18,
1652724146786,UPGRADE,0.01,ASSY1,1.35,CHIFLASH,24.75,92.83,
1654424028933,UPGRADE,0.18,ASSY1,0.08,CHIFLASH,91.78,108.16,
1652824133523,UPGRADE,0.1,ASSY1,0.26,CHIFLASH,32.69,88.74,
1652724143273,UPGRADE,2.35,ASSY1,0.85,CHIFLASH,86.05,153.14,
1652924040858,UPGRADE,3.58,ASSY1,0.11,CHIFLASH,85.55,159.65,
1653524110600,UPGRADE,0.08,ASSY1,6.7,CHIFLASH,22.71,0.02,
1652824130755,UPGRADE,0.02,ASSY1,0.18,CHIFLASH,24.33,113.38,
1654224078617,UPGRADE,1.02,ASSY1,0.03,CHIFLASH,87.29,135.87,
1654124189596,UPGRADE,0.02,ASSY1,0.94,CHIFLASH,87.46,134.89,
1652022026509,UPGRADE,2.79,ASSY1,0.45,FLA,2.67,129.11,
1652022026185,UPGRADE,2.24,ASSY1,15.66,FLA,0.56,254.24,
1322622009858,UPGRADE,156.55,ASSY1,1.73,FLA,2.96,283.45,
1652924107240,UPGRADE,1.59,ASSY1,0.77,FLA,1.0,283.47,
1653722025344,VI1_REPAIR,145.31,ASSY1,2.15,FLA,2.6,193.78,
1653922040771,UPGRADE,0.03,ASSY1,0.34,FLA,2.38,118.5,
1563221031225,UPGRADE,0.07,ASSY1,0.62,FLA,1.09,192.9,
1654821009313,UPGRADE,0.02,ASSY1,2.91,FLA,2.57,153.19,
1565120002858,UPGRADE,0.64,ASSY1,0.33,FLA,7.94,193.72,
1653722013971,UPGRADE,0.33,ASSY1,14.78,FLA,0.32,159.7,
1564121006902,UPGRADE,0.8,ASSY1,1.91,FLA,3.14,257.74,
1652423008246,VI1_REPAIR,189.03,ASSY1,1.6,FLA,3.07,193.77,
1653922028440,UPGRADE,0.06,ASSY1,1.62,FLA,7.58,181.41,
1650522002362,UPGRADE,0.07,ASSY1,1.7,FLA,3.78,159.68,
1654222016312,VI1_REPAIR,126.71,ASSY1,3.59,FLA,4.1,129.2,
1322722016740,VI1_REPAIR,125.48,ASSY1,0.09,FLA,19.3,283.45,
1652423008835,VI1_REPAIR,313.54,ASSY1,3.5,FLA,0.06,130.08,
1653722024201,VI1_REPAIR,125.81,ASSY1,0.41,FLA,3.53,193.81,
1652823097380,VI1_REPAIR,189.73,ASSY1,1.38,FLA,3.22,193.83,
1653722024346,UPGRADE,2.37,ASSY1,0.17,FLA,8.46,192.97,
1652724122149,VI1_REPAIR,314.04,ASSY1,0.91,FLA,3.85,129.23,
1652723036801,VI1_REPAIR,191.59,ASSY1,1.1,FLA,3.31,193.84,
1653922031459,UPGRADE,1.12,ASSY1,2.14,FLA,2.64,257.94,
1655124015976,UPGRADE,2.17,ASSY1,2.28,CHIFLASH,17.76,24.75,
1654924110888,UPGRADE,1.91,ASSY1,1.81,CHIFLASH,19.17,3.35,
1655124015989,UPGRADE,0.01,ASSY1,7.02,CHIFLASH,23.02,24.15,
1655124016361,UPGRADE,1.86,ASSY1,1.68,CHIFLASH,15.61,21.33,
1655124016790,UPGRADE,1.15,ASSY1,0.07,CHIFLASH,15.49,24.15,
1654924129615,UPGRADE,0.15,ASSY1,3.59,CHIFLASH,91.77,3.42,
1654624057367,UPGRADE,1.37,ASSY1,0.07,CHIFLASH,15.21,3.36,
1654924127739,UPGRADE,0.01,ASSY1,1.2,CHIFLASH,32.06,9.33,
1655124016254,UPGRADE,0.04,ASSY1,0.44,CHIFLASH,34.03,24.73,
1653524151883,UPGRADE,0.03,ASSY1,0.08,CHIFLASH,20.31,21.28,
1655124016025,UPGRADE,0.01,ASSY1,0.14,CHIFLASH,33.18,24.12,
1654724097214,UPGRADE,2.3,ASSY1,0.47,CHIFLASH,15.65,25.45,
1654524144611,UPGRADE,3.01,ASSY1,4.34,CHIFLASH,21.23,33.43,
1654924110019,UPGRADE,0.93,ASSY1,2.69,CHIFLASH,17.13,21.34,
1655124016153,UPGRADE,1.9,ASSY1,0.91,CHIFLASH,22.34,26.18,
1654624055044,UPGRADE,1.96,ASSY1,0.21,CHIFLASH,22.18,21.22,
1654924110425,UPGRADE,0.08,ASSY1,9.43,CHIFLASH,13.2,26.22,
1653524151212,UPGRADE,1.22,ASSY1,0.01,CHIFLASH,91.63,15.18,
1655124016756,UPGRADE,1.99,ASSY1,0.34,CHIFLASH,89.48,25.47,
1655124016124,UPGRADE,0.06,ASSY1,13.1,CHIFLASH,12.12,33.42,
1655124016760,UPGRADE,1.11,ASSY1,12.93,CHIFLASH,10.14,33.31,
1655124016678,UPGRADE,2.12,ASSY1,0.05,CHIFLASH,38.7,25.46,
1654924111347,UPGRADE,2.8,ASSY1,5.09,CHIFLASH,94.02,9.3,
1654624055118,UPGRADE,0.34,ASSY1,2.97,CHIFLASH,92.43,15.19,
1654924110908,UPGRADE,0.03,ASSY1,1.05,CHIFLASH,15.72,23.53,
1655124016219,UPGRADE,1.98,ASSY1,0.09,CHIFLASH,19.89,24.14,
1655124016166,UPGRADE,1.87,ASSY1,0.12,CHIFLASH,19.17,16.44,
1654924128579,UPGRADE,1.86,ASSY1,0.05,CHIFLASH,19.18,23.52,
1654924111072,UPGRADE,2.38,ASSY1,0.26,CHIFLASH,16.07,21.77,
1655124015828,UPGRADE,1.96,ASSY1,1.39,CHIFLASH,15.51,24.84,
1654824057274,UPGRADE,3.57,ASSY1,4.7,CHIFLASH,19.75,24.68,
1654624045805,UPGRADE,0.09,ASSY1,3.31,CHIFLASH,91.57,15.21,
1654724097092,UPGRADE,1.2,ASSY1,1.67,CHIFLASH,92.7,16.37,
1655124016191,UPGRADE,1.21,ASSY1,1.74,CHIFLASH,92.01,3.33,
1655124016294,UPGRADE,1.8,ASSY1,2.02,CHIFLASH,91.85,16.43,
1655124016231,UPGRADE,3.25,ASSY1,3.05,CHIFLASH,20.32,16.45,
1654924067589,UPGRADE,3.69,ASSY1,3.0,CHIFLASH,23.02,24.87,
1654924110291,UPGRADE,0.84,ASSY1,5.93,CHIFLASH,20.17,33.3,
1655124016478,UPGRADE,2.51,ASSY1,3.29,CHIFLASH,20.05,21.2,
1653524151744,UPGRADE,3.36,ASSY1,3.99,CHIFLASH,21.42,33.42,
1654924130374,UPGRADE,3.59,ASSY1,3.8,CHIFLASH,21.48,16.51,
1655124016099,UPGRADE,1.61,ASSY1,0.13,CHIFLASH,86.24,24.63,
1655124016118,UPGRADE,1.4,ASSY1,0.19,CHIFLASH,86.13,9.31,
1655124016289,UPGRADE,1.4,ASSY1,0.32,CHIFLASH,39.89,0.06,
1655124016623,UPGRADE,1.69,ASSY1,0.09,CHIFLASH,27.56,24.86,
1653524151886,UPGRADE,0.24,ASSY1,0.13,CHIFLASH,16.16,21.77,
1653524141221,UPGRADE,0.95,ASSY1,0.18,CHIFLASH,15.17,26.21,
1655124015824,UPGRADE,0.07,ASSY1,1.56,CHIFLASH,18.01,23.57,
1655124015967,UPGRADE,0.47,ASSY1,12.98,CHIFLASH,10.38,33.32,
1655124016460,UPGRADE,1.98,ASSY1,0.04,CHIFLASH,37.9,21.32,
1654924110857,UPGRADE,0.44,ASSY1,16.96,CHIFLASH,21.97,16.52,
1655124016802,UPGRADE,0.51,ASSY1,17.0,CHIFLASH,68.73,23.54,
1654924110398,UPGRADE,2.46,ASSY1,5.73,CHIFLASH,19.71,33.41,
1655124016822,UPGRADE,0.37,ASSY1,6.36,CHIFLASH,19.54,12.79,
1655124016444,UPGRADE,3.46,ASSY1,3.37,CHIFLASH,20.18,12.75,
1654624047305,UPGRADE,2.4,ASSY1,0.04,CHIFLASH,38.37,21.78,
1653524151470,UPGRADE,1.21,ASSY1,0.92,CHIFLASH,15.77,25.45,
1653524151374,UPGRADE,1.02,ASSY1,2.85,CHIFLASH,13.88,21.22,
1653524151862,UPGRADE,1.79,ASSY1,1.15,CHIFLASH,22.65,12.77,
1654924068345,UPGRADE,1.89,ASSY1,1.14,CHIFLASH,92.14,15.2,
1654924130084,UPGRADE,0.36,ASSY1,0.06,CHIFLASH,38.3,16.5,
1653524151637,UPGRADE,0.33,ASSY1,1.27,CHIFLASH,15.63,12.76,
1654924129663,UPGRADE,0.98,ASSY1,1.2,CHIFLASH,15.7,21.79,
1654624046482,UPGRADE,1.55,ASSY1,3.53,CHIFLASH,19.4,27.17,
1653524139277,UPGRADE,1.59,ASSY1,1.14,CHIFLASH,89.39,21.26,
1654624055876,UPGRADE,1.33,ASSY1,1.04,CHIFLASH,37.59,9.32,
1655124015834,UPGRADE,0.01,ASSY1,0.11,CHIFLASH,16.94,21.33,
1654924111172,UPGRADE,0.03,ASSY1,1.68,CHIFLASH,20.52,26.19,
1655124016429,UPGRADE,0.02,ASSY1,2.14,CHIFLASH,20.19,16.53,
1653524151454,UPGRADE,0.01,ASSY1,1.52,CHIFLASH,17.09,21.21,
1655124015800,UPGRADE,0.03,ASSY1,0.69,CHIFLASH,17.01,21.28,
1653524151476,UPGRADE,0.22,ASSY1,0.55,CHIFLASH,16.69,24.79,
1654124137805,N/A,N/A,ASSY1,0.09,CHIFLASH,1.32,20.95,VI1
1654624084535,N/A,N/A,N/A,N/A,CHIFLASH,29.92,85.25,"VI1, UPGRADE"
1653024049356,N/A,N/A,N/A,N/A,CHIFLASH,84.03,138.6,"VI1, UPGRADE"
1653724074572,N/A,N/A,N/A,N/A,CHIFLASH,132.68,131.51,"VI1, UPGRADE"
1654224127669,N/A,N/A,ASSY1,0.33,CHIFLASH,7.98,23.73,VI1
1654124222324,N/A,N/A,ASSY1,0.07,CHIFLASH,1.56,20.94,VI1
1654424246636,N/A,N/A,ASSY1,1.71,CHIFLASH,27.59,93.03,VI1
1654124076690,N/A,N/A,ASSY1,7.33,CHIFLASH,4.5,92.84,VI1
1652224043019,N/A,N/A,ASSY1,8.39,CHIFLASH,2.08,21.51,VI1
1654224136082,N/A,N/A,N/A,N/A,CHIFLASH,129.67,138.95,"VI1, UPGRADE"
1654324170050,N/A,N/A,N/A,N/A,CHIFLASH,85.28,138.88,"VI1, UPGRADE"
1654824109799,N/A,N/A,N/A,N/A,CHIFLASH,131.51,131.54,"VI1, UPGRADE"
1654124189978,N/A,N/A,ASSY1,0.99,CHIFLASH,23.07,108.34,VI1
1654624075293,N/A,N/A,ASSY1,0.91,CHIFLASH,0.15,18.81,VI1
1654424039874,N/A,N/A,ASSY1,0.1,CHIFLASH,19.68,20.58,VI1
1652924048337,N/A,N/A,N/A,N/A,CHIFLASH,141.44,128.77,"VI1, UPGRADE"
1654824090676,N/A,N/A,N/A,N/A,CHIFLASH,139.04,20.6,"VI1, UPGRADE"
1654624074507,N/A,N/A,N/A,N/A,CHIFLASH,141.75,138.59,"VI1, UPGRADE"
1652324015793,N/A,N/A,N/A,N/A,CHIFLASH,138.97,131.56,"VI1, UPGRADE"
1652924025614,N/A,N/A,N/A,N/A,CHIFLASH,171.68,95.13,"VI1, UPGRADE"
1654124077480,N/A,N/A,N/A,N/A,CHIFLASH,137.13,131.22,"VI1, UPGRADE"
1654124141219,N/A,N/A,N/A,N/A,CHIFLASH,234.76,20.59,"VI1, UPGRADE"
1564221001450,VI1_REPAIR,337.31,ASSY1,1.95,FLA,0.11,143.86,
1563221017360,UPGRADE,0.06,ASSY1,1.97,FLA,0.53,192.99,
1655121008393,UPGRADE,0.89,ASSY1,2.49,FLA,2.51,139.33,
1564121004303,UPGRADE,0.67,ASSY1,1.2,FLA,2.15,118.58,
1323421067551,VI1_REPAIR,331.69,ASSY1,2.09,FLA,0.14,156.82,
1651622011347,UPGRADE,3.08,ASSY1,0.63,FLA,0.59,24.05,
1322721017642,VI1_REPAIR,334.07,ASSY1,1.22,FLA,0.9,157.16,
1565120002911,VI1_REPAIR,331.99,ASSY1,0.59,FLA,1.59,155.21,
1321622001270,UPGRADE,1.45,ASSY1,0.38,FLA,0.98,16.62,
1322121015417,UPGRADE,1.09,ASSY1,4.77,FLA,0.2,143.86,
1564121005696,VI1_REPAIR,335.68,ASSY1,0.51,FLA,4.38,137.05,
1322121014272,UPGRADE,8.48,ASSY1,1.42,FLA,3.87,17.7,
1655123036051,N/A,N/A,ASSY1,3.72,CHIFLASH,45.44,10.23,VI1
1650324002451,N/A,N/A,N/A,N/A,CHIFLASH,45.46,23.9,"VI1, UPGRADE"
1650324003547,N/A,N/A,N/A,N/A,CHIFLASH,5.19,41.31,"VI1, UPGRADE"
1650224089672,N/A,N/A,N/A,N/A,CHIFLASH,42.68,109.73,"VI1, UPGRADE"
1650124041092,N/A,N/A,N/A,N/A,CHIFLASH,120.59,25.8,"VI1, UPGRADE"
1650324003516,N/A,N/A,N/A,N/A,CHIFLASH,45.67,22.32,"VI1, UPGRADE"
1650324008726,N/A,N/A,ASSY1,1.99,CHIFLASH,9.05,24.5,VI1
1655223016713,N/A,N/A,ASSY1,7.51,CHIFLASH,2.12,109.85,VI1
1650224051940,N/A,N/A,N/A,N/A,CHIFLASH,73.21,37.67,"VI1, UPGRADE"
1650324066483,N/A,N/A,N/A,N/A,CHIFLASH,142.56,24.51,"VI1, UPGRADE"
1650324046754,N/A,N/A,N/A,N/A,CHIFLASH,74.22,58.21,"VI1, UPGRADE"
1655123039039,N/A,N/A,N/A,N/A,CHIFLASH,143.31,33.29,"VI1, UPGRADE"
1655123036056,N/A,N/A,N/A,N/A,CHIFLASH,144.56,33.28,"VI1, UPGRADE"
1654523021333,N/A,N/A,N/A,N/A,CHIFLASH,144.19,26.0,"VI1, UPGRADE"
1655123035620,N/A,N/A,ASSY1,98.07,CHIFLASH,134.5,37.3,VI1
1650224019590,N/A,N/A,N/A,N/A,CHIFLASH,29.86,10.41,"VI1, UPGRADE"
1655023064384,N/A,N/A,N/A,N/A,CHIFLASH,44.54,7.17,"VI1, UPGRADE"
1655223086473,N/A,N/A,N/A,N/A,CHIFLASH,159.06,25.82,"VI1, UPGRADE"
1655123037551,N/A,N/A,N/A,N/A,CHIFLASH,128.35,24.52,"VI1, UPGRADE"
1650224009415,N/A,N/A,N/A,N/A,CHIFLASH,125.28,33.89,"VI1, UPGRADE"
1652322006323,UPGRADE,0.61,ASSY1,3.13,FLA,4.46,273.47,
1324820022141,VI1_REPAIR,192.82,ASSY1,17.59,FLA,8.72,193.92,
1653922030369,UPGRADE,1.63,ASSY1,1.53,FLA,8.31,261.07,
1652522031863,VI1_REPAIR,228.32,ASSY1,0.9,FLA,9.07,254.41,
1651722012819,UPGRADE,0.3,ASSY1,15.45,FLA,0.26,95.45,
1324922011521,VI1_REPAIR,534.76,ASSY1,1.37,FLA,0.76,13.59,
1653922032380,UPGRADE,4.6,ASSY1,67.85,FLA,3.27,155.22,
1324122018645,VI1_REPAIR,526.35,ASSY1,0.21,FLA,1.12,24.06,
1324922011660,N/A,N/A,ASSY1,0.13,FLA,10.51,258.04,VI1
1651624018714,N/A,N/A,BBD,1.97,CHIFLASH,20.67,34.41,VI1
1651124038970,N/A,N/A,BBD,0.9,CHIFLASH,7.19,25.16,VI1
1650424029182,N/A,N/A,BBD,1.42,CHIFLASH,5.44,25.85,VI1
1650224084507,N/A,N/A,BBD,1.66,CHIFLASH,5.26,21.58,VI1
1652923012535,N/A,N/A,N/A,N/A,N/A,N/A,N/A,"VI1, UPGRADE, PACKING"
1650423005052,N/A,N/A,N/A,N/A,N/A,N/A,N/A,"VI1, UPGRADE, PACKING"
1650924047334,N/A,N/A,N/A,N/A,N/A,N/A,N/A,"VI1, UPGRADE, PACKING"
1650524036855,N/A,N/A,N/A,N/A,N/A,N/A,N/A,"VI1, UPGRADE, PACKING"
1651324056615,N/A,N/A,N/A,N/A,N/A,N/A,N/A,"VI1, UPGRADE, PACKING"
1654523027489,N/A,N/A,N/A,N/A,N/A,N/A,N/A,"VI1, UPGRADE, PACKING"
1655222004462,N/A,N/A,N/A,N/A,N/A,N/A,N/A,"VI1, UPGRADE, PACKING"
1650423010769,N/A,N/A,N/A,N/A,N/A,N/A,N/A,"VI1, UPGRADE, PACKING"
1650623010358,N/A,N/A,N/A,N/A,N/A,N/A,N/A,"VI1, UPGRADE, PACKING"
1652323050250,N/A,N/A,N/A,N/A,N/A,N/A,N/A,"VI1, UPGRADE, PACKING"
1653023005907,VI1_REPAIR,22.55,ASSY1,0.27,FLA,0.96,0.02,
1653824203133,Disassembly,6.39,BBD,3.21,CHIFLASH,123.5,85.39,
1653824203118,Disassembly,6.28,BBD,114.76,CHIFLASH,27.49,85.37,
1650824028222,Disassembly,109.94,BBD,16.47,CHIFLASH,2.35,N/A,PACKING
1653524123066,Disassembly,106.27,BBD,0.96,CHIFLASH,20.07,N/A,PACKING
1651124045363,Disassembly,108.44,BBD,2.34,CHIFLASH,19.69,N/A,PACKING
1653324107223,Disassembly,106.74,BBD,0.33,CHIFLASH,18.19,N/A,PACKING
1654124002776,Disassembly,100.83,BBD,0.37,CHIFLASH,2.36,N/A,PACKING
1654324152196,Disassembly,16.41,BBD,2.81,CHIFLASH,321.53,236.47,
1654324164458,Disassembly,30.84,BBD,64.94,CHIFLASH,7.94,0.04,
1654324107497,Disassembly,31.82,BBD,63.87,CHIFLASH,7.94,252.45,
1654324107160,Disassembly,7.53,BBD,1.78,CHIFLASH,3.1,235.79,
1322822030287,SHIPPING,266.68,N/A,N/A,N/A,N/A,N/A,"UPGRADE, PACKING"
1322822014602,UPGRADE,0.72,ASSY1,0.8,FLA,0.44,305.39,
1322822080115,SHIPPING,670.98,N/A,N/A,N/A,N/A,N/A,"UPGRADE, PACKING"
1322822016214,SHIPPING,670.28,N/A,N/A,N/A,N/A,N/A,"UPGRADE, PACKING"
1322822014976,PACKING,360.42,N/A,N/A,N/A,N/A,309.67,UPGRADE
1653022023978,UPGRADE,0.69,ASSY1,16.69,FLA,1.91,250.44,
1653022024130,SHIPPING,669.34,N/A,N/A,N/A,N/A,N/A,"UPGRADE, PACKING"
1652922034225,SHIPPING,671.6,N/A,N/A,N/A,N/A,N/A,"UPGRADE, PACKING"
1652922030884,VI1_REPAIR,367.0,ASSY1,1.04,FLA,5.73,250.45,
1654322011264,VI1_REPAIR,358.53,ASSY1,1.14,FLA,0.26,297.01,
1323222005846,SHIPPING,670.39,N/A,N/A,N/A,N/A,N/A,"UPGRADE, PACKING"
1653022015800,UPGRADE,0.57,ASSY1,0.1,FLA,5.43,305.38,
1322822080820,UPGRADE,1.39,ASSY1,0.12,FLA,5.84,305.39,
1322922049563,ASSY2,362.11,N/A,N/A,N/A,N/A,305.41,UPGRADE
1654322010324,SHIPPING,672.69,N/A,N/A,N/A,N/A,N/A,"UPGRADE, PACKING"
1323422049328,UPGRADE,0.09,ASSY1,23.3,FLA,2.74,250.43,
1654422002566,VI1_REPAIR,278.87,N/A,N/A,N/A,N/A,N/A,"UPGRADE, PACKING"
1654322013905,UPGRADE,0.01,ASSY1,1.55,FLA,2.41,309.7,
1323822017204,UPGRADE,0.02,ASSY1,23.64,FLA,2.42,271.53,
1322821042898,UPGRADE,0.03,ASSY1,68.0,FLA,0.66,181.34,
1652623014025,UPGRADE,0.47,ASSY1,18.19,FLA,3.0,193.89,
1653922030027,UPGRADE,1.05,ASSY1,1.18,FLA,1.56,145.84,
1564021001571,UPGRADE,0.05,ASSY1,1.53,FLA,1.52,9.37,
1652522031446,UPGRADE,0.05,ASSY1,0.12,FLA,4.31,136.16,
1650224088555,Disassembly,16.48,BBD,0.26,CHIFLASH,9.66,3.29,
1650424033919,Disassembly,29.05,BBD,0.02,CHIFLASH,0.86,N/A,SHIPPING
1650424033662,Disassembly,31.84,BBD,0.35,CHIFLASH,9.42,N/A,SHIPPING
1650424032449,Disassembly,29.98,BBD,0.27,CHIFLASH,9.46,N/A,SHIPPING
1652824072451,Disassembly,9.19,BBD,0.04,CHIFLASH,6.66,60.7,
1652824073428,Disassembly,9.17,BBD,0.05,CHIFLASH,7.02,60.71,
1652824076278,Disassembly,6.57,BBD,0.08,CHIFLASH,7.31,62.76,
1652824172128,Disassembly,6.58,BBD,0.28,CHIFLASH,8.11,1.47,
1652824171957,Disassembly,6.32,BBD,0.2,CHIFLASH,7.2,62.96,
1652824164669,Disassembly,8.4,BBD,0.03,CHIFLASH,6.95,60.91,
1652824084640,Disassembly,8.84,BBD,0.03,CHIFLASH,7.11,60.71,
1652824165478,Disassembly,6.31,BBD,0.7,CHIFLASH,8.08,62.96,
1653124071324,Disassembly,5.49,BBD,0.02,CHIFLASH,8.51,60.57,
1652824082466,Disassembly,5.89,BBD,0.32,CHIFLASH,8.23,60.74,
1653124071339,Disassembly,4.72,BBD,1.08,CHIFLASH,8.16,60.51,
1652824081964,Disassembly,0.32,BBD,0.36,CHIFLASH,7.78,60.53,
1653124071327,Disassembly,8.84,BBD,0.02,CHIFLASH,6.83,60.54,
1653124071270,Disassembly,9.11,BBD,0.02,CHIFLASH,7.1,62.76,
1652824073896,Disassembly,9.04,BBD,0.02,CHIFLASH,6.44,60.7,
1653224018497,Disassembly,0.06,BBD,0.01,CHIFLASH,6.7,62.87,
1652824168493,Disassembly,0.01,BBD,0.41,CHIFLASH,8.27,60.69,
1652824114923,Disassembly,6.13,BBD,0.1,CHIFLASH,7.9,62.99,
1652824165785,Disassembly,8.76,BBD,0.02,CHIFLASH,6.8,60.53,
1652824074871,Disassembly,7.48,BBD,0.02,CHIFLASH,6.57,60.67,
1652824074516,Disassembly,7.78,BBD,0.04,CHIFLASH,7.11,62.72,
1653024033010,Disassembly,8.11,BBD,0.04,CHIFLASH,8.79,60.73,
1652824171918,Disassembly,7.86,BBD,0.62,CHIFLASH,7.81,60.51,
1653724001956,Disassembly,4.88,BBD,0.01,CHIFLASH,9.26,60.68,
1652824170369,Disassembly,5.84,BBD,0.01,CHIFLASH,7.57,60.56,
1652824170283,Disassembly,5.13,BBD,0.05,CHIFLASH,9.17,60.89,
1653724001435,Disassembly,5.25,BBD,0.11,CHIFLASH,7.93,62.78,
1653724001961,Disassembly,6.29,BBD,0.02,CHIFLASH,7.5,60.86,
1653024033167,Disassembly,8.21,BBD,0.4,CHIFLASH,7.97,60.89,
1652824075212,Disassembly,7.33,BBD,0.02,CHIFLASH,9.34,1.45,
1652824169879,Disassembly,7.82,BBD,0.01,CHIFLASH,7.61,60.71,
1653724002316,Disassembly,6.55,BBD,0.02,CHIFLASH,7.65,1.47,
1653724001908,Disassembly,6.33,BBD,0.02,CHIFLASH,7.42,60.66,
1653724002092,Disassembly,6.79,BBD,0.02,CHIFLASH,7.88,60.54,
1652824169157,Disassembly,6.8,BBD,0.03,CHIFLASH,9.35,60.69,
1651723006557,Disassembly,4.25,BBD,0.56,CHIFLASH,8.57,N/A,SHIPPING
1651923012363,Disassembly,4.82,BBD,0.41,CHIFLASH,8.66,N/A,SHIPPING
1651923012654,Disassembly,4.6,BBD,0.02,CHIFLASH,33.43,N/A,SHIPPING
1564121000002,Disassembly,120.05,N/A,N/A,N/A,N/A,150.54,UPGRADE
1655222021576,Disassembly,96.64,N/A,N/A,N/A,N/A,170.38,"UPGRADE, FLA/CHIFLASH"
1654322009308,Disassembly,74.67,N/A,N/A,FLA,61.86,172.23,UPGRADE
1563321000015,Disassembly,45.86,N/A,N/A,N/A,N/A,170.03,"UPGRADE, FLA/CHIFLASH"
1653023004521,UPGRADE,0.76,ASSY1,2.62,FLA,2.66,155.24,
1652823098284,UPGRADE,1.75,ASSY1,2.09,FLA,0.27,156.94,
1322722018328,UPGRADE,0.03,ASSY1,0.12,FLA,14.45,256.77,
1322522061430,VI1_REPAIR,1281.44,ASSY1,2.37,FLA,6.27,261.13,
1651123013363,UPGRADE,1.84,ASSY1,0.08,FLA,3.59,13.68,
1650824025085,Disassembly,23.03,BBD,67.39,CHIFLASH,1.45,40.65,
1654023016193,Disassembly,4.78,BBD,1.34,CHIFLASH,5.79,24.75,
1650423013094,Disassembly,6.87,BBD,0.22,CHIFLASH,55.95,266.47,
1651622024168,VI3,956.46,N/A,N/A,N/A,N/A,150.0,UPGRADE
1651924054269,Disassembly,9.88,BBD,30.28,CHIFLASH,37.6,309.92,
1651924052550,Disassembly,0.6,BBD,15.16,CHIFLASH,31.01,270.64,
1651924053017,Disassembly,0.2,BBD,15.47,CHIFLASH,31.07,270.63,
1651824047007,Disassembly,0.69,BBD,14.7,CHIFLASH,2.7,309.38,
1651924053373,Disassembly,0.6,BBD,14.97,CHIFLASH,31.19,270.64,
1651924054684,Disassembly,0.07,BBD,15.33,CHIFLASH,30.09,270.63,
1651924053118,Disassembly,1.65,BBD,15.5,CHIFLASH,343.76,0.01,
1651924054249,Disassembly,1.43,BBD,15.62,CHIFLASH,26.13,309.15,
1753024037439,Disassembly,89.29,BBD,1.78,CHIFLASH,49.8,627.38,
1753024032617,Disassembly,0.01,BBD,1.72,CHIFLASH,49.74,627.4,
1753024030082,Disassembly,21.92,BBD,2.1,CHIFLASH,49.72,627.38,
1753124018143,Disassembly,89.56,BBD,1.93,CHIFLASH,20.47,229.97,
1753024037579,Disassembly,0.91,BBD,0.8,CHIFLASH,5.81,50.09,
1753024037020,Disassembly,89.46,BBD,1.77,CHIFLASH,49.72,627.39,
1753024031706,Disassembly,0.05,BBD,2.08,CHIFLASH,2.67,120.65,
1653023025290,Disassembly,13.64,BBD,19.39,N/A,N/A,298.16,FLA/CHIFLASH
1651824050472,Disassembly,20.87,BBD,16.57,CHIFLASH,3.03,171.26,
1651623015111,Disassembly,16.99,BBD,0.03,CHIFLASH,1.48,N/A,SHIPPING
1654923082585,Disassembly,15.52,BBD,0.02,CHIFLASH,3.45,N/A,SHIPPING
1654923089551,Disassembly,11.6,BBD,0.93,CHIFLASH,23.45,11.06,
1654723045062,Disassembly,14.7,BBD,0.05,CHIFLASH,8.93,N/A,SHIPPING
1654823046075,Disassembly,14.46,BBD,0.31,CHIFLASH,81.51,N/A,SHIPPING
1654823047466,Disassembly,17.51,BBD,3.26,CHIFLASH,4.39,N/A,SHIPPING
1650324094644,Disassembly,4.96,BBD,2.55,CHIFLASH,7.58,131.65,
1651123018317,Disassembly,9.16,BBD,8.45,CHIFLASH,9.22,131.71,
1651124055245,Disassembly,9.19,BBD,0.18,CHIFLASH,0.77,272.91,
1651024069060,Disassembly,9.68,BBD,16.26,CHIFLASH,2.54,11.07,
1651123017349,Disassembly,9.09,BBD,0.29,CHIFLASH,2.17,N/A,SHIPPING
1650524051980,Disassembly,6.92,BBD,0.04,CHIFLASH,13.64,N/A,SHIPPING
1650924067258,Disassembly,8.6,BBD,0.34,CHIFLASH,12.5,N/A,SHIPPING
1650324091361,Disassembly,10.13,BBD,3.64,CHIFLASH,19.61,252.59,
1651924053003,Disassembly,0.04,BBD,16.4,CHIFLASH,73.28,52.3,
1651824050260,Disassembly,115.68,BBD,40.62,CHIFLASH,0.3,310.39,
1650624022261,Disassembly,0.14,BBD,5.95,CHIFLASH,3.02,N/A,SHIPPING
1650324092388,Disassembly,5.61,BBD,1.2,CHIFLASH,11.91,N/A,SHIPPING
1650324047091,Disassembly,9.43,BBD,0.48,CHIFLASH,3.62,296.32,
1650324091615,Disassembly,11.74,BBD,6.72,CHIFLASH,1.14,N/A,SHIPPING
1650324049874,Disassembly,9.57,BBD,0.51,CHIFLASH,10.62,N/A,SHIPPING
1650324092381,Disassembly,13.53,BBD,7.22,CHIFLASH,0.83,N/A,SHIPPING
1654122020996,UPGRADE,1.09,ASSY1,1.04,FLA,7.99,258.04,
1652222007678,UPGRADE,0.44,ASSY1,0.38,FLA,1.76,9.49,
1563521006529,UPGRADE,0.05,ASSY1,0.62,FLA,0.83,16.83,
1651924053928,Disassembly,0.99,BBD,66.39,CHIFLASH,1.36,196.21,
1652124095674,Disassembly,0.69,BBD,6.23,CHIFLASH,1.83,196.18,
1652124112850,Disassembly,0.13,BBD,0.96,CHIFLASH,12.0,73.56,
1655223073225,Disassembly,5.52,BBD,0.31,CHIFLASH,69.39,N/A,SHIPPING
1655123044295,Disassembly,23.98,BBD,21.37,CHIFLASH,3.21,252.4,
1654223013608,Disassembly,19.85,BBD,0.25,CHIFLASH,2.34,N/A,SHIPPING
1654223012807,Disassembly,22.8,BBD,0.65,CHIFLASH,83.54,N/A,SHIPPING
1650524056814,Disassembly,17.87,BBD,0.2,CHIFLASH,496.14,N/A,SHIPPING
1655223073603,Disassembly,24.57,BBD,8.7,CHIFLASH,16.48,272.71,
1650424009648,Disassembly,1.09,BBD,7.02,CHIFLASH,84.29,40.65,
1651623002386,Disassembly,2.57,BBD,1.82,CHIFLASH,60.71,55.32,
1655023040291,Disassembly,4.22,BBD,0.28,CHIFLASH,5.84,24.79,
1651024010672,Disassembly,1.99,BBD,5.71,CHIFLASH,150.52,27.39,
1651324053885,Disassembly,2.56,BBD,2.09,CHIFLASH,7.47,2.34,
1653323005315,UPGRADE,57.22,ASSY1,1.68,FLA,9.8,155.53,
1652123006293,UPGRADE,68.56,ASSY1,15.69,FLA,2.62,155.61,
1654923034069,Disassembly,8.79,BBD,1.11,CHIFLASH,19.55,87.25,
1652222008128,UPGRADE,79.84,ASSY1,0.16,FLA,0.59,9.53,
1652724132552,Disassembly,1517.61,BBD,17.08,CHIFLASH,7.17,40.5,
1652423004694,UPGRADE,116.18,ASSY1,0.1,FLA,1.36,129.48,
1651524031656,Disassembly,15.98,BBD,0.15,CHIFLASH,6.66,21.78,
1653624147770,Disassembly,3.12,BBD,0.69,CHIFLASH,260.13,3311.87,
1653624147154,Disassembly,0.88,BBD,0.82,CHIFLASH,2.75,3311.86,
1653624147532,Disassembly,2.22,BBD,0.57,CHIFLASH,208.3,2353.69,
1653624147595,Disassembly,2.3,BBD,210.18,FLA,0.19,957.73,
1653624147194,Disassembly,2.71,BBD,0.72,CHIFLASH,73.56,958.01,
1653624147603,Disassembly,0.01,BBD,0.1,CHIFLASH,217.23,2353.71,
1652922035814,UPGRADE,257.2,ASSY1,177.59,FLA,1.66,271.64,
1323222053573,VI1_REPAIR,120.39,ASSY1,2.43,N/A,N/A,309.82,FLA/CHIFLASH
1563421009103,UPGRADE,63.66,ASSY1,34.47,FLA,0.82,9.49,
1322921076159,VI1_REPAIR,688.75,ASSY1,3.02,FLA,1.21,24.25,
1322922007236,N/A,N/A,ASSY1,0.3,FLA,3.12,309.84,VI1
1322822079760,N/A,N/A,ASSY1,5.78,FLA,2.84,40.87,VI1
1652922033526,N/A,N/A,N/A,N/A,FLA,0.38,271.47,"VI1, UPGRADE"
1321022090083,N/A,N/A,ASSY1,0.06,FLA,13.67,32.21,VI1
1322822087070,N/A,N/A,ASSY1,1.09,FLA,7.97,32.24,VI1
1564121000058,N/A,N/A,N/A,N/A,N/A,N/A,167.91,"VI1, UPGRADE"
1653523066995,N/A,N/A,ASSY1,0.83,FLA,0.95,24.26,VI1
1565221000009,N/A,N/A,N/A,N/A,N/A,N/A,168.91,"VI1, UPGRADE"
1654222017086,N/A,N/A,ASSY1,0.9,FLA,1.09,9.48,VI1
1652222006849,N/A,N/A,ASSY1,0.17,FLA,1.86,139.5,VI1
1565221000030,N/A,N/A,N/A,N/A,N/A,N/A,151.13,"VI1, UPGRADE"
